code,description,category,category_source,failure_class,stage,section,numeric_id
AUTO_TIME_BOUND_REJECTION,Packet rejection due to time limit exceed,BUSINESS_VALIDATION_ERROR,declared,A,OIS,,
PKT_URI_AND_ENRCODE_MISMATCH,Packet rejected due to mismatch in Enrollment code,BUSINESS_VALIDATION_ERROR,declared,A,Structural,,
INPUT_STREAM_TO_BYTE_ERROR,Unable to convert Physical packet to byte array,BUSINESS_VALIDATION_ERROR,declared,A,Structural,,
DECRYPTION_DATA_NULL,Decrypted data of the packet is null,BUSINESS_VALIDATION_ERROR,declared,A,Structural,,
ENCRYPTED_BYTE_ARRAY_IS_EMPTY,Length of encrypted byte array is zero,BUSINESS_VALIDATION_ERROR,declared,A,Structural,,
STRUCTURAL_PKTVAL_XML_CHECK_FAIL,All the required XMLs are not found  in the packet,BUSINESS_VALIDATION_ERROR,declared,A,Structural,,
RESIDENT_STRUCTURAL_VALIDATION_FAILED,Structural Stage Processing Exception,BUSINESS_VALIDATION_ERROR,declared,A,Structural,,
RESIDENT_LINKED_MASTER_REQUEST_VALIDATION_FAILED,Resident linked enrolment rejected as Master request is rejected,BUSINESS_VALIDATION_ERROR,declared,A,Structural,,
REFID_DUPLICATION_CHECK_FAILURE,Request rejected as refId duplicate found in index master,BUSINESS_VALIDATION_ERROR,declared,A,Structural,,
INVALID_TIMESTAMP_IN_FINGER_CAPTURE_LIST,Invalid time format of finger capture list in audit.xml,BUSINESS_VALIDATION_ERROR,declared,A,Structural,,
RESIDENT_EMPTY_BIOMETRICS_IN_PACKET,Empty biometrics in biometrics.xml in packet,BUSINESS_VALIDATION_ERROR,declared,A,Structural,,
LINKED_UID_NOT_FOUND_IN_ORIGIN_TRACKER,Uid not found for update packet in origin tracker,BUSINESS_VALIDATION_ERROR,declared,A,Structural,,
UID_MASTER_DATA_NOT_FOUND,UidMasterData data not found for update request,BUSINESS_VALIDATION_ERROR,declared,A,Structural,,
S3_PACKET_NOT_FOUND,Packet is not present in temporary S3-bucket,BUSINESS_VALIDATION_ERROR,declared,A,Structural,newly added,
INVALID_SID,Length of Sid or Eid is not 28,BUSINESS_VALIDATION_ERROR,declared,A,Structural,newly added,
DUPLICATE_ENTRY_FOUND_INDEX_MASTER,Duplicate entry found for eid in index master,BUSINESS_VALIDATION_ERROR,declared,A,Structural,newly added,
PACKET_BIOMETRIC_EXCEPTION_PHOTO_MISSING,Biometric exception photo missing in the packet,BUSINESS_VALIDATION_ERROR,declared,A,Structural,newly added,
PKT_BACKDATED_DELAY_IN_UPLOAD,Older packets rejected due to delay in upload,BUSINESS_VALIDATION_ERROR,declared,A,Structural,newly added,
MISSING_DOCUMENT_IN_PACKET,Base64 of document missing in the packet,BUSINESS_VALIDATION_ERROR,declared,A,Structural,newly added,
DOCUMENT_COUNT_MISMATCH_IN_PACKET,Required documents not present in the packet,BUSINESS_VALIDATION_ERROR,declared,A,Structural,newly added,
RESIDENT_HOF_UID_INVALID,HOF uid is not exist,BUSINESS_VALIDATION_ERROR,declared,A,Metadata,,
PKT_METADATA_OPERATOR_BODY_CREATED_INCORRECTLY,Request body for operator details mismatched,BUSINESS_VALIDATION_ERROR,declared,A,Metadata,,
PKT_METADATA_AGENCY_FOUND_INACTIVE,Metadata validation failed as the agency is inactive on the enrolment date,BUSINESS_VALIDATION_ERROR,declared,A,Metadata,,
PKT_METADATA_ENR_MACHINE_CODE_INVALID,Invalid Machine Code/Station/Agency/Registrar association,BUSINESS_VALIDATION_ERROR,declared,A,Metadata,,
PKT_METADATA_GPS_VALIDATION_FAILED,GPS coordinates is not under the specified boundaries,BUSINESS_VALIDATION_ERROR,declared,A,Metadata,,
PKT_METADATA_INVALID_ORG_AND_MACHINE_CODE_COMBINATION,"Invalid Registrar, EnrolmentAgency, Station and Machine Code combination",BUSINESS_VALIDATION_ERROR,declared,A,Metadata,,
REJECT_BLACKLISTED_MACHINE,Blacklisted machine Found due to machine not available or machine entry available in blacklisted machine table,BUSINESS_VALIDATION_ERROR,declared,A,Metadata,,
ENR_UNSUPPORTED_CLIENT,Client Version Not supported after the configured date,BUSINESS_VALIDATION_ERROR,declared,A,Metadata,,
OPERATOR_NOT_PRESENT_FOR_EA_CODE,No Operator Present For this Operator Code and EA Code,BUSINESS_VALIDATION_ERROR,declared,A,Metadata,,
CLIENT_VERSION_CHECK_EXCEPTION,Error checking for client version,BUSINESS_VALIDATION_ERROR,declared,A,Metadata,,
PKT_ENR_INVALID_START_DATE,Invalid start date,BUSINESS_VALIDATION_ERROR,declared,A,Metadata,,
PKT_ENR_INVALID_END_DATE,Invalid end date,BUSINESS_VALIDATION_ERROR,declared,A,Metadata,,
PKT_METADATA_INVALID_STATION_ID,Station Id is invalid,BUSINESS_VALIDATION_ERROR,declared,A,Metadata,,
PKT_OPERATOR_AUTH_FAIL,Auth Response for Operator Failed,BUSINESS_VALIDATION_ERROR,declared,A,Metadata,,
PKT_INACTIVE_OPERATOR,Operator User is inactive,BUSINESS_VALIDATION_ERROR,declared,A,Metadata,,
PKT_OPERATOR_HOLD_UID_MISMATCHED,Operator UID MisMatch,BUSINESS_VALIDATION_ERROR,declared,A,Metadata,,
PKT_METADATA_REGISTRAR_FOUND_INACTIVE,Metadata validation failed as the registrar is inactive on the enrolment date,BUSINESS_VALIDATION_ERROR,declared,A,Metadata,,
BLOCKED_OR_INVALID_REGISTRAR_ID,Invalid registrar id or the registrar id  is blocked for registration,BUSINESS_VALIDATION_ERROR,declared,A,Metadata,,
PKT_INVALID_ENR_DATE,Packet is rejected as the enrolment date is invalid,BUSINESS_VALIDATION_ERROR,declared,A,Metadata,,
PKT_ENR_DATE_EMPTY,Enrolment date in the packet is blank,BUSINESS_VALIDATION_ERROR,declared,A,Metadata,,
PKT_METADATA_AGENCY_ID_INVALID,Metadata validation failed as the Agency ID is invalid,BUSINESS_VALIDATION_ERROR,declared,A,Metadata,,
PKT_RDEMO_HOF_AUTH_RESPONSE_VALIDATION_FAIL,Auth Response validation for HOF Failed for Online packet,BUSINESS_VALIDATION_ERROR,declared,A,Metadata,,
PKT_RDEMO_HOF_BIOMETRIC_AUTH_FAIL,Biometric Auth validation for HOF Failed for Offline packet,BUSINESS_VALIDATION_ERROR,declared,A,Metadata,,
PKT_RDEMO_OPERATOR_BIOMETRIC_AUTH_FAIL,Biometric Auth validation for Operator Failed for Offline packet,BUSINESS_VALIDATION_ERROR,declared,A,Metadata,,
PKT_METADATA_MACHINE_FOUND_INACTIVE,Metadata validation failed as the Machine is inactive on the enrolment date,BUSINESS_VALIDATION_ERROR,declared,A,Metadata,,
GPS_FEIGN_INVALID_DATA_FORMAT,Invalid format entered,BUSINESS_VALIDATION_ERROR,declared,A,Metadata,,
PKT_RDEMO_AUTH_RESPONSE_VALIDATION_FAIL,Auth Response validation for Resident Failed for Online packet,BUSINESS_VALIDATION_ERROR,declared,A,Metadata,,
PKT_RDEMO_BIOMETRIC_AUTH_FAIL,Biometric Auth validation for Resident Failed for Offline packet,BUSINESS_VALIDATION_ERROR,declared,A,Metadata,,
PKT_RDEMO_EMPTY_BIOMETRICS,Resident biometric data not found in Offline packet,BUSINESS_VALIDATION_ERROR,declared,A,Metadata,,
PKT_RDEMO_HOF_EMPTY_BIOMETRICS,HoF Biometric data not found in Offline packet,BUSINESS_VALIDATION_ERROR,declared,A,Metadata,,
PKT_RDEMO_OPERATOR_EMPTY_BIOMETRICS,Operator Biometric data not found in Offline packet,BUSINESS_VALIDATION_ERROR,declared,A,Metadata,,
PKT_RDEMO_EMPTY_AUTH_RESPONSE,Resident Auth Response data not found in Online packet,BUSINESS_VALIDATION_ERROR,declared,A,Metadata,,
PKT_RDEMO_HOF_EMPTY_AUTH_RESPONSE,HoF Auth Response data not found in Online packet,BUSINESS_VALIDATION_ERROR,declared,A,Metadata,,
PKT_RDEMO_OPERATOR_EMPTY_AUTH_RESPONSE,Operator Auth Response data not found in Online packet,BUSINESS_VALIDATION_ERROR,declared,A,Metadata,,
PKT_SUPERVISOR_AUTH_FAIL,Auth Response for Supervisor Failed,BUSINESS_VALIDATION_ERROR,declared,A,Metadata,newly added,
PKT_RDEMO_SUPERVISOR_EMPTY_AUTH_RESPONSE,Supervisor Auth Response data not found in Online packet,BUSINESS_VALIDATION_ERROR,declared,A,Metadata,newly added,
PKT_RDEMO_SUPERVISOR_BIOMETRIC_AUTH_FAIL,Biometric Auth validation for Supervisor Failed for Offline packet,BUSINESS_VALIDATION_ERROR,declared,A,Metadata,newly added,
PKT_RDEMO_SUPERVISOR_EMPTY_BIOMETRICS,Supervisor Biometric data not found in Offline packet,BUSINESS_VALIDATION_ERROR,declared,A,Metadata,newly added,
PKT_OPERATOR_SESSION_STATION_MISMATCH,Operator Session station mismatch found,BUSINESS_VALIDATION_ERROR,declared,A,Metadata,Operator Session,
PKT_OPERATOR_SESSION_NOT_FOUND,Operator Session not found,BUSINESS_VALIDATION_ERROR,declared,A,Metadata,Operator Session,
PKT_OPERATOR_DAILY_UPLOAD_LIMIT_EXCEEDED,Operator daily upload limit exceeded,BUSINESS_VALIDATION_ERROR,declared,A,Metadata,Operator Session,
PKT_OPERATOR_SESSION_EXPIRED,Operator created packet after session expired,BUSINESS_VALIDATION_ERROR,declared,A,Metadata,Operator Session,
PKT_OPERATOR_SESSION_NOT_STARTED,Operator created packet before session started,BUSINESS_VALIDATION_ERROR,declared,A,Metadata,Operator Session,
PKT_CREATION_TIME_IN_FUTURE,Packet creation time is in future,BUSINESS_VALIDATION_ERROR,declared,A,Metadata,Operator Session,
RESIDENT_POI_DOCUMENT_INVALID,POI Proof Document Details not Found for the DocId,BUSINESS_VALIDATION_ERROR,declared,A,Demographic,,
RESIDENT_POA_DOCUMENT_INVALID,POA Proof Document Details not Found for the DocId,BUSINESS_VALIDATION_ERROR,declared,A,Demographic,,
RESIDENT_POB_DOCUMENT_INVALID,POB Proof Document Details not Found for the DocId,BUSINESS_VALIDATION_ERROR,declared,A,Demographic,,
RESIDENT_POF_DOCUMENT_INVALID,POF Proof Document Details not Found for the DocId,BUSINESS_VALIDATION_ERROR,declared,A,Demographic,,
RESIDENT_HOF_DOCUMENT_INVALID,HOF Proof Document Details not Found for the DocId,BUSINESS_VALIDATION_ERROR,declared,A,Demographic,,
RESIDENT_NAME_SPACE_SYNTAX_VALIDATION_FAILED,Resident Demographic Space Syntax Validation failed for Name,BUSINESS_VALIDATION_ERROR,declared,A,Demographic,Name Related Error Codes,
RESIDENT_NAME_PRE_POST_SPACE_SYNTAX_VALIDATION_FAILED,Resident Demographic Pre-Post Space Syntax Validation failed for Name,BUSINESS_VALIDATION_ERROR,declared,A,Demographic,Name Related Error Codes,
RESIDENT_NAME_DOT_SYNTAX_VALIDATION_FAILED,Resident Demographic Dot Syntax Validation failed for Name,BUSINESS_VALIDATION_ERROR,declared,A,Demographic,Name Related Error Codes,
RESIDENT_NAME_BASIC_SYNTAX_VALIDATION_FAILED,Resident Demographic Basic Syntax Validation failed for Name,BUSINESS_VALIDATION_ERROR,declared,A,Demographic,Name Related Error Codes,
RESIDENT_NAME_LENGTH_PROCESS_VALIDATION_FAILED,Resident Demographic length Process Validation failed for Name,BUSINESS_VALIDATION_ERROR,declared,A,Demographic,Name Related Error Codes,
RESIDENT_DOCUMENT_NAME_MISMATCH_OPERATOR_FLOW,Resident name was mis-matching because of operator error,BUSINESS_VALIDATION_ERROR,declared,A,Demographic,Name Related Error Codes,
RESIDENT_POI_INVALID_MAJOR,Document provided for major name change is invalid.,BUSINESS_VALIDATION_ERROR,declared,A,Demographic,Name Related Error Codes,
RESIDENT_POI_INVALID_MINOR,Document provided for minor name change is invalid.,BUSINESS_VALIDATION_ERROR,declared,A,Demographic,Name Related Error Codes,
RESIDENT_GENDER_VALIDATION_FAILED,Resident Demographic Validation failed for invalid Gender,BUSINESS_VALIDATION_ERROR,declared,A,Demographic,Gender Related Error Codes,
RESIDENT_DOB_VALID_DATE_VALIDATION_FAILED,Resident Demographic Validation failed for invalid Date of birth,BUSINESS_VALIDATION_ERROR,declared,A,Demographic,DOB Related Error Codes,
RESIDENT_DOB_FUTURE_DATE_VALIDATION_FAILED,Resident Demographic Validation failed for future Date of birth,BUSINESS_VALIDATION_ERROR,declared,A,Demographic,DOB Related Error Codes,
RESIDENT_DOB_VALID_DAY_VALIDATION_FAILED,Resident Demographic Validation failed for invalid Day of birth,BUSINESS_VALIDATION_ERROR,declared,A,Demographic,DOB Related Error Codes,
RESIDENT_DOB_VALID_MONTH_VALIDATION_FAILED,Resident Demographic Validation failed for invalid Month of birth,BUSINESS_VALIDATION_ERROR,declared,A,Demographic,DOB Related Error Codes,
RESIDENT_DOB_VALID_YEAR_VALIDATION_FAILED,Resident Demographic Validation failed for invalid Year of birth,BUSINESS_VALIDATION_ERROR,declared,A,Demographic,DOB Related Error Codes,
RESIDENT_DOB_VALID_AGE_VALIDATION_FAILED,Resident Demographic Validation failed as age greater than 120,BUSINESS_VALIDATION_ERROR,declared,A,Demographic,DOB Related Error Codes,
RESIDENT_DOD_VALID_DATE_VALIDATION_FAILED,Resident Demographic Validation failed for invalid Date of death,BUSINESS_VALIDATION_ERROR,declared,A,Demographic,DOD Related Error Codes,
RESIDENT_DOD_FUTURE_DATE_VALIDATION_FAILED,Resident Demographic Validation failed for future Date of death,BUSINESS_VALIDATION_ERROR,declared,A,Demographic,DOD Related Error Codes,
RESIDENT_DOD_VALID_DAY_VALIDATION_FAILED,Resident Demographic Validation failed for invalid Day of death,BUSINESS_VALIDATION_ERROR,declared,A,Demographic,DOD Related Error Codes,
RESIDENT_DOD_VALID_MONTH_VALIDATION_FAILED,Resident Demographic Validation failed for invalid Month of death,BUSINESS_VALIDATION_ERROR,declared,A,Demographic,DOD Related Error Codes,
RESIDENT_DOD_VALID_YEAR_VALIDATION_FAILED,Resident Demographic Validation failed for invalid Year of death,BUSINESS_VALIDATION_ERROR,declared,A,Demographic,DOD Related Error Codes,
RESIDENT_DOD_VALID_AGE_VALIDATION_FAILED,Resident Demographic Validation failed as year of death is before 1810,BUSINESS_VALIDATION_ERROR,declared,A,Demographic,DOD Related Error Codes,
RESIDENT_MOBILE_VALID_MOBILE_NUMBER_VALIDATION_FAILED,Resident Demographic Validation failed for invalid Mobile Number,BUSINESS_VALIDATION_ERROR,declared,A,Demographic,Contact Related Error Codes,
RESIDENT_EMAIL_VALID_EMAIL_VALIDATION_FAILED,Resident Demographic Validation failed for invalid Email,BUSINESS_VALIDATION_ERROR,declared,A,Demographic,Contact Related Error Codes,
RESIDENT_ADDRESS_PINCODE_VALIDATION_FAILED,Resident Demographic Syntax Validation failed for Pin code,BUSINESS_VALIDATION_ERROR,declared,A,Demographic,Address Related Error Codes,
RESIDENT_ADDRESS_VTC_VALIDATION_FAILED,Resident Demographic Syntax Validation failed for VTC,BUSINESS_VALIDATION_ERROR,declared,A,Demographic,Address Related Error Codes,
RESIDENT_ADDRESS_STATE_VALIDATION_FAILED,Resident Demographic Syntax Validation failed for State,BUSINESS_VALIDATION_ERROR,declared,A,Demographic,Address Related Error Codes,
RESIDENT_ADDRESS_DISTRICT_VALIDATION_FAILED,Resident Demographic Syntax Validation failed for District,BUSINESS_VALIDATION_ERROR,declared,A,Demographic,Address Related Error Codes,
RESIDENT_ADDRESS_PINCODE_NOT_FOUND,Resident Demographic Validation failed for Pin code not present in UID GEO DB,BUSINESS_VALIDATION_ERROR,declared,A,Demographic,Address Related Error Codes,
RESIDENT_ADDRESS_STATE_INFO_NOT_FOUND,"Resident Demographic validation failed, no state info available",BUSINESS_VALIDATION_ERROR,declared,A,Demographic,Address Related Error Codes,
RESIDENT_ADDRESS_STATE_PINCODE_MAPPING_VALIDATION_FAILED,Resident Demographic Validation failed for invalid State-Pincode mapping,BUSINESS_VALIDATION_ERROR,declared,A,Demographic,Address Related Error Codes,
RESIDENT_ADDRESS_DISTRICT_INFO_NOT_FOUND,"Resident Demographic validation failed, no district info available",BUSINESS_VALIDATION_ERROR,declared,A,Demographic,Address Related Error Codes,
RESIDENT_ADDRESS_DISTRICT_PINCODE_MAPPING_VALIDATION_FAILED,Resident Demographic Validation failed for invalid District-Pinocde mapping,BUSINESS_VALIDATION_ERROR,declared,A,Demographic,Address Related Error Codes,
RESIDENT_ADDRESS_SUBDISTRICT_INFO_NOT_FOUND,"Resident Demographic validation failed, no Sub-District info available",BUSINESS_VALIDATION_ERROR,declared,A,Demographic,Address Related Error Codes,
RESIDENT_ADDRESS_VILLAGE_INFO_NOT_FOUND,"Resident Demographic validation failed, no Village info available",BUSINESS_VALIDATION_ERROR,declared,A,Demographic,Address Related Error Codes,
RESIDENT_ADDRESS_VTC_PINCODE_MAPPING_VALIDATION_FAILED,Resident Demographic Validation failed for invalid VTC-Pincode mapping,BUSINESS_VALIDATION_ERROR,declared,A,Demographic,Address Related Error Codes,
RESIDENT_ADDRESS_PO_INFO_NOT_FOUND,"Resident Demographic validation failed, no Post Office info available",BUSINESS_VALIDATION_ERROR,declared,A,Demographic,Address Related Error Codes,
RESIDENT_ADDRESS_PONAME_PINCODE_MAPPING_VALIDATION_FAILED,Resident Demographic Validation failed for invalid PostOffice-Pincode mapping,BUSINESS_VALIDATION_ERROR,declared,A,Demographic,Address Related Error Codes,
RESIDENT_UID_STATUS_INVALID,Resident Demographic Validation failed for invalid UID Status,BUSINESS_VALIDATION_ERROR,declared,A,Demographic,Address Related Error Codes,
RESIDENT_MOBILE_ASSOCIATION_LIMIT_EXCEED,Mobile association limit exceeds the defined threshold,BUSINESS_VALIDATION_ERROR,declared,A,Demographic,Address Related Error Codes,
RESIDENT_HOF_DETAILS_NOT_FOUND,"Resident Demographic Validation failed, no record found for the HoF eid in IndexMaster",BUSINESS_VALIDATION_ERROR,declared,A,Demographic,HOF Related Error Codes,
RESIDENT_HOF_MASTER_DATA_NOT_FOUND,"Resident Demographic Validation failed, UidMasterData data not found for the HoF",BUSINESS_VALIDATION_ERROR,declared,A,Demographic,HOF Related Error Codes,
RESIDENT_HOF_NOT_AUTHORIZED,"Resident Demographic Validation failed, Hof is not authorized as enrolment was introducer based",BUSINESS_VALIDATION_ERROR,declared,A,Demographic,HOF Related Error Codes,
RESIDENT_HOF_AGE_INVALID,"Resident Demographic Validation failed, Hof age not applicable",BUSINESS_VALIDATION_ERROR,declared,A,Demographic,HOF Related Error Codes,
RESIDENT_HOF_UID_STATUS_INVALID,"Resident Demographic Validation failed, Hof UID Status found invalid",BUSINESS_VALIDATION_ERROR,declared,A,Demographic,HOF Related Error Codes,
RESIDENT_HOF_RELATION_TYPE_VALIDATION_FAILED,"Resident Demographic Validation failed, Hof relation type found invalid for the age",BUSINESS_VALIDATION_ERROR,declared,A,Demographic,HOF Related Error Codes,
RESIDENT_HOF_ASSOCIATION_LIMIT_EXCEED,"Resident Demographic Validation failed, Hof association limit exceeded",BUSINESS_VALIDATION_ERROR,declared,A,Demographic,HOF Related Error Codes,
RESIDENT_ADDRESS_LOCAL_VALIDATION_FAILED,"Resident Demographic Validation failed, Address local language validation failed",BUSINESS_VALIDATION_ERROR,declared,A,Demographic,Local  Error Codes,
RESIDENT_NAME_LOCAL_VALIDATION_FAILED,"Resident Demographic Validation failed, Name local language validation failed",BUSINESS_VALIDATION_ERROR,declared,A,Demographic,Local  Error Codes,
RESIDENT_ADDRESS_DATA_SAME_AS_MASTER_DATA,Address data same as master data,BUSINESS_VALIDATION_ERROR,declared,A,Demographic,Local  Error Codes,
HOF_RELATION_TYPE_NOT_VALID_FOR_CHILD_RESIDENT,"Resident Demographic Validation failed, The relation type is not allowed for child enrollment",BUSINESS_VALIDATION_ERROR,declared,A,Demographic,Local  Error Codes,
HOF_RELATION_TYPE_NOT_VALID_FOR_RESIDENT,"Resident Demographic validation failed, Relation type allowed only for above 18 resident",BUSINESS_VALIDATION_ERROR,declared,A,Demographic,Local  Error Codes,
RESIDENT_RELATIONS_TO_HOF_GENDER_MISMATCH,"Resident Demographic validation failed, Relation type does not matches with the gender of the HOF",BUSINESS_VALIDATION_ERROR,declared,A,Demographic,Local  Error Codes,
RESIDENT_DOCUMENT_PROVIDED_INACTIVE,Document provided is not active,BUSINESS_VALIDATION_ERROR,declared,A,Demographic,Local  Error Codes,
HOF_NAME_LENGTH_SYNTAX_VALIDATION_FAILED,"Resident Demographic validation failed, Error in the syntax of the Hof name",BUSINESS_VALIDATION_ERROR,declared,A,Demographic,HOF Name Related Error Codes,
HOF_NAME_BASIC_SYNTAX_VALIDATION_FAILED,"Resident Demographic validation failed, Error in the syntax of the Hof name",BUSINESS_VALIDATION_ERROR,declared,A,Demographic,HOF Name Related Error Codes,
HOF_NAME_SYNTAX_VALIDATION_FAILED,"Resident Demographic validation failed, Error in the syntax of the Hof name",BUSINESS_VALIDATION_ERROR,declared,A,Demographic,HOF Name Related Error Codes,
RESIDENT_EMAIL_DATA_SAME_AS_MASTER_DATA,Email data is same as master data,BUSINESS_VALIDATION_ERROR,declared,A,Demographic,Contact Related Error Codes,
RESIDENT_MOBILE_DATA_SAME_AS_MASTER_DATA,Mobile data is same as master data,BUSINESS_VALIDATION_ERROR,declared,A,Demographic,Contact Related Error Codes,
RESIDENT_DOB_SAME_AS_MASTER_DATA_DOB,Dob data is same as master data,BUSINESS_VALIDATION_ERROR,declared,A,Demographic,DOB Related Error Codes,
RESIDENT_DOB_FRAUD_FOR_SUDDEN_TRANSITION_TO_ADULT,Sudden transition of resident from child to adult,BUSINESS_VALIDATION_ERROR,declared,A,Demographic,DOB Related Error Codes,
RESIDENT_DOB_AGE_DIFFERENCE_MORE_THAN_ALLOWABLE_AGE_GAP,Age difference between packet and masterdata more than allowable age gap,BUSINESS_VALIDATION_ERROR,declared,A,Demographic,DOB Related Error Codes,
RESIDENT_DOB_UPDATE_DATE_AFTER_THE_ENROLMENT_DATE,Dob update date is after the enrollment date,BUSINESS_VALIDATION_ERROR,declared,A,Demographic,DOB Related Error Codes,
RESIDENT_DOB_UNAUTHORISED_AGE_GROUP_CHANGE,Unauthorised age group change,BUSINESS_VALIDATION_ERROR,declared,A,Demographic,DOB Related Error Codes,
RESIDENT_DOB_TYPE_CHANGE_INVALID,Invalid dob type change,BUSINESS_VALIDATION_ERROR,declared,A,Demographic,DOB Related Error Codes,
RESIDENT_POB_INVALID_FOR_FIRST_TIME_DOB_UPDATE,Resident POB provide is invalid for first time DOB update,BUSINESS_VALIDATION_ERROR,declared,A,Demographic,DOB Related Error Codes,
RESIDENT_POB_INVALID_FOR_SUBSEQUENT_UPDATE,Invalid POB provided for subsequent DOB update,BUSINESS_VALIDATION_ERROR,declared,A,Demographic,DOB Related Error Codes,
RESIDENT_HOF_ABSENT_FOR_CHILD_UPDATE,HOF is absent for the child update,BUSINESS_VALIDATION_ERROR,declared,A,Demographic,DOB Related Error Codes,
RESIDENT_BIOMETRIC_ABSENT_FOR_AGE_OVER_5,Biometric is absent for the child coming for dob update but is above 5 now,BUSINESS_VALIDATION_ERROR,declared,A,Demographic,DOB Related Error Codes,
RESIDENT_DOB_BIOMETRICS_NOT_AVAILABLE,Resident should do mandatory biometrics before updating DOB,BUSINESS_VALIDATION_ERROR,declared,A,Demographic,DOB Related Error Codes,
RESIDENT_DOB_BIOMETRICS_UPDATE_REQUIRED,Resident Biometrics should be updated for verification,BUSINESS_VALIDATION_ERROR,declared,A,Demographic,DOB Related Error Codes,
PKT_REJECT_FOR_DOB_FRAUD_ENROLMENT,Unauthorized age group change,BUSINESS_VALIDATION_ERROR,declared,A,Demographic,DOB Related Error Codes,
RESIDENT_DOCUMENT_MISMATCH_OPERATOR_FLOW,The document provided is mismatching during operator error flow.,BUSINESS_VALIDATION_ERROR,declared,A,Demographic,DOB Related Error Codes,
RESIDENT_DOCUMENT_MISMATCH_REACTIVATION_FLOW,The document provided for reactivation flow is invalid.,BUSINESS_VALIDATION_ERROR,declared,A,Demographic,DOB Related Error Codes,
RESIDENT_POB_NOT_FOUND_FOR_THE_STATUS_UPDATE,Proof of birth not found for the status update,BUSINESS_VALIDATION_ERROR,declared,A,Demographic,DOB Related Error Codes,
RESIDENT_GENDER_SAME_AS_MASTER_DATA_GENDER,Gender data is same as master data,BUSINESS_VALIDATION_ERROR,declared,A,Demographic,DOB Related Error Codes,
RESIDENT_HOF_DATA_SAME_AS_MASTER_DATA,HoF data same as master data,BUSINESS_VALIDATION_ERROR,declared,A,Demographic,DOB Related Error Codes,
HOF_UID_SAME_AS_RESIDENT_UID,HoF UID same as resident UID,BUSINESS_VALIDATION_ERROR,declared,A,Demographic,DOB Related Error Codes,
RESIDENT_UID_INVALID,Resident UID is not valid,BUSINESS_VALIDATION_ERROR,declared,A,Demographic,DOB Related Error Codes,
RESIDENT_SID_INVALID,Resident SID is not valid,BUSINESS_VALIDATION_ERROR,declared,A,Demographic,DOB Related Error Codes,
RESIDENT_EID_INVALID,Resident EID is not valid,BUSINESS_VALIDATION_ERROR,declared,A,Demographic,DOB Related Error Codes,
RESIDENT_NAME_SAME_AS_MASTER_DATA_NAME,Name data is same as master data,BUSINESS_VALIDATION_ERROR,declared,A,Demographic,DOB Related Error Codes,
RESIDENT_DOCUMENT_PROVIDED_INVALID,Document provided is not valid,BUSINESS_VALIDATION_ERROR,declared,A,Demographic,DOB Related Error Codes,
RESIDENT_DOB_UPDATE_MONTH_DIFFERENCE_LESS_THAN_MIN_MONTH_GAP,Difference between dob update date and enrollment date less than minimum month gap,BUSINESS_VALIDATION_ERROR,declared,A,Demographic,DOB Related Error Codes,
RESIDENT_NAME_UPDATE_LIMIT_EXCEED,Resident name update threshold limit exceeded,BUSINESS_VALIDATION_ERROR,declared,A,Demographic,DOB Related Error Codes,
RESIDENT_DOB_UPDATE_LIMIT_EXCEED,Resident dob update threshold limit exceeded,BUSINESS_VALIDATION_ERROR,declared,A,Demographic,DOB Related Error Codes,
RESIDENT_GENDER_UPDATE_LIMIT_EXCEED,Resident gender update threshold limit exceeded,BUSINESS_VALIDATION_ERROR,declared,A,Demographic,DOB Related Error Codes,
RESIDENT_NAME_SIMILARITY_CHECK_FAILURE,Resident name similarity score below acceptable threshold,BUSINESS_VALIDATION_ERROR,declared,A,Demographic,DOB Related Error Codes,
NRI_U18_DOB_UPDATE_POB_INVALID,NRI under 18 dob update pob invalid,BUSINESS_VALIDATION_ERROR,declared,A,Demographic,DOB Related Error Codes,
RESIDENT_POF_NOT_MATCHING_WITH_IMMIGRATION_RECORD,No matching immigration record available for the PoF,BUSINESS_VALIDATION_ERROR,declared,A,ExtIntService,,
RESIDENT_DEMOGRAPHICS_MISMATCH_WITH_IMMIGRATION_RECORD,Mismatch between immigration record and demographics,BUSINESS_VALIDATION_ERROR,declared,A,ExtIntService,,
RESIDENT_FACE_MISMATCH_WITH_IMMIGRATION_RECORD,Enrolment face image not matching with immigration record,BUSINESS_VALIDATION_ERROR,declared,A,ExtIntService,,
RESIDENT_MANDATORY_STAY_FAILURE,Applicant has not stayed for mandatory duration for the aadhaar enrolment,BUSINESS_VALIDATION_ERROR,declared,A,ExtIntService,,
RESIDENT_POF_DOCUMENT_EXPIRED,PoF document provided by the applicant has expired,BUSINESS_VALIDATION_ERROR,declared,A,ExtIntService,,
RESIDENT_POI_NOT_MATCHING_WITH_IMMIGRATION_RECORD,PoI document not matching with the immigration record,BUSINESS_VALIDATION_ERROR,declared,A,ExtIntService,,
RESIDENT_DOB_NOT_MATCHING_WITH_IMMIGRATION_RECORD,DOB not matching with the immigration record,BUSINESS_VALIDATION_ERROR,declared,A,ExtIntService,,
RESIDENT_IMMIGRATION_DATA_NOT_FOUND_FOR_POB,No immigration data is available for the request with this DocID of PoB,BUSINESS_VALIDATION_ERROR,declared,A,ExtIntService,,
RESIDENT_IMMIGRATION_DATA_NOT_FOUND_FOR_POF,No immigration data available for the request with this DocID of PoF,BUSINESS_VALIDATION_ERROR,declared,A,ExtIntService,,
RESIDENT_IMMIGRATION_DATA_NOT_FOUND_FOR_POI,No immigration data available for the request with this DocID of PoI,BUSINESS_VALIDATION_ERROR,declared,A,ExtIntService,,
RESIDENT_EXT_INT_MANDATORY_BITS_NOT_FOUND,Mandatory bits are not set for the given request,BUSINESS_VALIDATION_ERROR,declared,A,ExtIntService,,
RESIDENT_MDA_VALIDATION_FAILED_FOR_POF,Validation of POF against MDA is failed,BUSINESS_VALIDATION_ERROR,declared,A,ExtIntService,,
RESIDENT_POF_POI_FOUND_SAME,Validation failed as PoF and PoI found the same,BUSINESS_VALIDATION_ERROR,declared,A,ExtIntService,,
POF_EXPIRY_DATE_MISMATCH,Expiry date of PoF document in immigration data does not match the expiry date in the packet,BUSINESS_VALIDATION_ERROR,declared,A,ExtIntService,,
AGE_GROUP_INVALID,Age group could not be derived for the request; date of birth or enrolment date is invalid,BUSINESS_VALIDATION_ERROR,declared,A,ExtIntService,,
RESIDENT_FACE_MATCH_FOUND,A matching face was found during BOI face dedupe for the enrolment,BUSINESS_VALIDATION_ERROR,declared,A,ExtIntService,,
FACE_DEDUPE_MULTIPLE_CANDIDATES,Multiple BOI face dedupe candidates found; case requires MFC escalation,BUSINESS_VALIDATION_ERROR,declared,A,ExtIntService,,
RESIDENT_QC_BE_NOT_APPLICABLE,Resident QC Biometric exception not applicable,BUSINESS_VALIDATION_ERROR,declared,A,QC,BE ErrorCodes,
RESIDENT_QC_BE_PHOTO_QUALITY_CHECK_FAILED,Resident QC Biometric exception photo quality check failed,BUSINESS_VALIDATION_ERROR,declared,A,QC,BE ErrorCodes,
RESIDENT_QC_BE_PHOTO_OBJECT_FOUND,"Resident QC Biometric exception photo validation failed, object Found",BUSINESS_VALIDATION_ERROR,declared,A,QC,BE ErrorCodes,
RESIDENT_QC_BE_PHOTO_OF_PHOTO_FOUND,"Resident QC Biometric exception photo validation failed, Photo of Exception photo Found",BUSINESS_VALIDATION_ERROR,declared,A,QC,BE ErrorCodes,
RESIDENT_QC_BE_PHOTO_NOT_AS_PER_GUIDELINES,"Resident QC Biometric exception photo validation failed, Photo not as per guidelines",BUSINESS_VALIDATION_ERROR,declared,A,QC,BE ErrorCodes,
RESIDENT_QC_BE_PHOTO_NO_PARTIAL_EX_FOUND,"Resident QC Biometric exception photo validation failed, No/Partial Exception Found",BUSINESS_VALIDATION_ERROR,declared,A,QC,BE ErrorCodes,
RESIDENT_QC_HOF_DETAILS_TAMPERED,"Resident QC HOF validation failed, Details got Tampered",BUSINESS_VALIDATION_ERROR,declared,A,QC,HOF ErrorCodes,
RESIDENT_QC_HOF_STD_FORMAT_CHECK_FAILED,"Resident QC HOF validation failed, Standard Format Error",BUSINESS_VALIDATION_ERROR,declared,A,QC,HOF ErrorCodes,
RESIDENT_QC_HOF_DOCUMENT_NAME_MISMATCH,"Resident QC HOF validation failed, Document Name Mismatch",BUSINESS_VALIDATION_ERROR,declared,A,QC,HOF ErrorCodes,
RESIDENT_QC_HOF_TRANSLITERATION_ERROR,"Resident QC HOF validation failed, Transliteration error Found",BUSINESS_VALIDATION_ERROR,declared,A,QC,HOF ErrorCodes,
RESIDENT_QC_HOF_NOT_AUTHORIZED_SIGNATORY,"Resident QC HOF validation failed, No Authorized Signatory Found",BUSINESS_VALIDATION_ERROR,declared,A,QC,HOF ErrorCodes,
RESIDENT_QC_HOF_PHOTO_NOT_CROSS_SIGNED,"Resident QC HOF validation failed, Photo not cross signed",BUSINESS_VALIDATION_ERROR,declared,A,QC,HOF ErrorCodes,
RESIDENT_QC_HOF_ORIGINAL_DOCUMENT_NOT_SCANNED,"Resident QC HOF validation failed, Scanned Document Not Of Original Document",BUSINESS_VALIDATION_ERROR,declared,A,QC,HOF ErrorCodes,
RESIDENT_QC_HOF_ADDRESS_VALIDATION_FAILED,"Resident QC HOF validation failed, Address validation failed",BUSINESS_VALIDATION_ERROR,declared,A,QC,HOF ErrorCodes,
RESIDENT_QC_HOF_OFFENSIVE_LANGUAGE_FOUND,"Resident QC HOF validation failed, unparliamentary / Offensive Language",BUSINESS_VALIDATION_ERROR,declared,A,QC,HOF ErrorCodes,
RESIDENT_QC_HOF_SIGNED_DATE_CHECK_FAILED,"Resident QC HOF validation failed, Signed Date is before the authorized date",BUSINESS_VALIDATION_ERROR,declared,A,QC,HOF ErrorCodes,
RESIDENT_QC_HOF_SIGNATURE_MISSING,"Resident QC HOF validation failed, Resident Signature or Thumb Missing",BUSINESS_VALIDATION_ERROR,declared,A,QC,HOF ErrorCodes,
RESIDENT_QC_HOF_DEMO_DATA_MISMATCH_FOUND,"Resident QC HOF validation failed, Demographic Data Mismatch Found",BUSINESS_VALIDATION_ERROR,declared,A,QC,HOF ErrorCodes,
RESIDENT_QC_HOF_JUNK_DATA_FOUND,"Resident QC HOF validation failed, Not an junk data Found",BUSINESS_VALIDATION_ERROR,declared,A,QC,HOF ErrorCodes,
RESIDENT_QC_HOF_OVERWRITTEN_DOCUMENT_FOUND,"Resident QC HOF validation failed, Overwritten Document Found",BUSINESS_VALIDATION_ERROR,declared,A,QC,HOF ErrorCodes,
RESIDENT_QC_HOF_DOCUMENT_QUALITY_CHECK_FAILED,"Resident QC HOF validation failed, Poor Quality Document Found",BUSINESS_VALIDATION_ERROR,declared,A,QC,HOF ErrorCodes,
RESIDENT_QC_HOF_NOT_APPLICABLE,"Resident QC HOF validation failed, Not applicable",BUSINESS_VALIDATION_ERROR,declared,A,QC,HOF ErrorCodes,
RESIDENT_QC_HOF_EXACT_DOCUMENT_MISMATCH,"Resident QC HOF validation failed, Standard Format Certificate Missing Exact Match",BUSINESS_VALIDATION_ERROR,declared,A,QC,HOF ErrorCodes,
RESIDENT_QC_HOF_DOCUMENT_NOT_APPROVED,"Resident QC HOF validation failed,  No Approved Document Found",BUSINESS_VALIDATION_ERROR,declared,A,QC,HOF ErrorCodes,
RESIDENT_QC_HOF_CARE_OF_CHECK_FAILED,"Resident QC HOF validation failed, Care of check failed",BUSINESS_VALIDATION_ERROR,declared,A,QC,HOF ErrorCodes,
RESIDENT_QC_HOF_ISSUED_DATE_CHECK_FAILED,"Resident QC HOF validation failed, Issued date Found blank",BUSINESS_VALIDATION_ERROR,declared,A,QC,HOF ErrorCodes,
RESIDENT_QC_HOF_DOCUMENT_MISSING,"Resident QC HOF validation failed, Missing Document",BUSINESS_VALIDATION_ERROR,declared,A,QC,HOF ErrorCodes,
RESIDENT_QC_HOF_DOCUMENT_ISSUER_VALIDATION_FAILED,"Resident QC HOF validation failed, Incomplete Issuer's Details Found",BUSINESS_VALIDATION_ERROR,declared,A,QC,HOF ErrorCodes,
RESIDENT_QC_HOF_FRAUD_DOCUMENT_FOUND,"Resident QC HOF validation failed, Fraudulent Document Found",BUSINESS_VALIDATION_ERROR,declared,A,QC,HOF ErrorCodes,
RESIDENT_QC_HOF_NO_RECORD_FOUND_DURING_SOURCE_VERIFICATION,Resident QC HOF no record found during source verification,BUSINESS_VALIDATION_ERROR,declared,A,QC,HOF ErrorCodes,
RESIDENT_QC_HOF_DEMO_MISMATCH_DURING_SOURCE_VERIFICATION,Resident QC HOF demo mismatch during source verification,BUSINESS_VALIDATION_ERROR,declared,A,QC,HOF ErrorCodes,
RESIDENT_QC_PHOTO_NAME_VALIDATION_FAILED,"Resident QC PHOTO validation failed, Name validation failed",BUSINESS_VALIDATION_ERROR,declared,A,QC,Photo ErrorCodes,
RESIDENT_QC_PHOTO_NOT_APPLICABLE,"Resident QC PHOTO validation failed, Not Applicable",BUSINESS_VALIDATION_ERROR,declared,A,QC,Photo ErrorCodes,
RESIDENT_QC_PHOTO_QUALITY_CHECK_FAILED,"Resident QC PHOTO validation failed, Poor quality/Incorrect photo Found",BUSINESS_VALIDATION_ERROR,declared,A,QC,Photo ErrorCodes,
RESIDENT_QC_PHOTO_TRANSLITERATION_ERROR,"Resident QC PHOTO validation failed, Transliteration error Found",BUSINESS_VALIDATION_ERROR,declared,A,QC,Photo ErrorCodes,
RESIDENT_QC_PHOTO_AGE_MISMATCH_FOUND,"Resident QC PHOTO validation failed, Age mismatch Found",BUSINESS_VALIDATION_ERROR,declared,A,QC,Photo ErrorCodes,
RESIDENT_QC_PHOTO_GENDER_MISMATCH_FOUND,"Resident QC PHOTO validation failed, Gender Mismatch Found",BUSINESS_VALIDATION_ERROR,declared,A,QC,Photo ErrorCodes,
RESIDENT_QC_PHOTO_HUMAN_PHOTO_MISSING,"Resident QC PHOTO validation failed, Human photo missing",BUSINESS_VALIDATION_ERROR,declared,A,QC,Photo ErrorCodes,
RESIDENT_QC_PHOTO_CARE_OF_VALIDATION_FAILED,"Resident QC PHOTO validation failed,Care of validation failed",BUSINESS_VALIDATION_ERROR,declared,A,QC,Photo ErrorCodes,
RESIDENT_QC_PHOTO_CHILD_AGE_MISMATCH,"Resident QC PHOTO validation failed, Child update age mismatch Found",BUSINESS_VALIDATION_ERROR,declared,A,QC,Photo ErrorCodes,
RESIDENT_QC_PHOTO_ADDRESS_VALIDATION_FAILED,"Resident QC PHOTO validation failed, Address validation failed",BUSINESS_VALIDATION_ERROR,declared,A,QC,Photo ErrorCodes,
RESIDENT_QC_PHOTO_OF_PHOTO_FOUND,"Resident QC PHOTO validation failed, Photo of photo Found",BUSINESS_VALIDATION_ERROR,declared,A,QC,Photo ErrorCodes,
RESIDENT_QC_PHOTO_OFFENSIVE_LANGUAGE_FOUND,"Resident QC PHOTO validation failed, Unparliamentary/ Offensive language Found",BUSINESS_VALIDATION_ERROR,declared,A,QC,Photo ErrorCodes,
RESIDENT_QC_POA_DEMO_MISMATCH_FOUND,"Resident QC POA validation failed, Demographic data mismatch Found",BUSINESS_VALIDATION_ERROR,declared,A,QC,POA ErrorCodes,
RESIDENT_QC_POA_JUNK_DATA_FOUND,"Resident QC POA validation failed, Junk data Found",BUSINESS_VALIDATION_ERROR,declared,A,QC,POA ErrorCodes,
RESIDENT_QC_POA_OVERWRITTEN_DOCUMENT_FOUND,"Resident QC POA validation failed, Overwritten document Found",BUSINESS_VALIDATION_ERROR,declared,A,QC,POA ErrorCodes,
RESIDENT_QC_POA_QUALITY_CHECK_FOUND,"Resident QC POA validation failed, Poor quality document Found",BUSINESS_VALIDATION_ERROR,declared,A,QC,POA ErrorCodes,
RESIDENT_QC_POA_OFFENSIVE_LANGUAGE_FOUND,"Resident QC POA validation failed, Unparliamentary/ Offensive language Found",BUSINESS_VALIDATION_ERROR,declared,A,QC,POA ErrorCodes,
RESIDENT_QC_POA_NOT_AUTHORIZED_SIGNATORY,"Resident QC POA validation failed, No Authorized Signatory Found",BUSINESS_VALIDATION_ERROR,declared,A,QC,POA ErrorCodes,
RESIDENT_QC_POA_ADDRESS_VALIDATION_FAILED,"Resident QC POA validation failed, Address validation failed",BUSINESS_VALIDATION_ERROR,declared,A,QC,POA ErrorCodes,
RESIDENT_QC_POA_DOCUMENT_NOT_APPROVED,"Resident QC POA validation failed, No Approved Document Found",BUSINESS_VALIDATION_ERROR,declared,A,QC,POA ErrorCodes,
RESIDENT_QC_POA_DOCUMENT_MISSING,"Resident QC POA validation failed, Missing Document",BUSINESS_VALIDATION_ERROR,declared,A,QC,POA ErrorCodes,
RESIDENT_QC_POA_SIGNATURE_MISSING,"Resident QC POA validation failed, Resident Signature or Thumb Missing",BUSINESS_VALIDATION_ERROR,declared,A,QC,POA ErrorCodes,
RESIDENT_QC_POA_FRAUD_DOCUMENT_FOUND,"Resident QC POA validation failed, Fraudulent Document Found",BUSINESS_VALIDATION_ERROR,declared,A,QC,POA ErrorCodes,
RESIDENT_QC_POA_STD_FORMAT_CHECK_FAILED,"Resident QC POA validation failed, Standard Format Certificate not found",BUSINESS_VALIDATION_ERROR,declared,A,QC,POA ErrorCodes,
RESIDENT_QC_POA_SIGNED_DATE_VALIDATION_FAILED,"Resident QC POA validation failed, Signed Date is before the authorized Date",BUSINESS_VALIDATION_ERROR,declared,A,QC,POA ErrorCodes,
RESIDENT_QC_POA_NOT_APPLICABLE,"Resident QC POA validation failed, Not applicable",BUSINESS_VALIDATION_ERROR,declared,A,QC,POA ErrorCodes,
RESIDENT_QC_POA_ISSUED_DATE_CHECK_FAILED,"Resident QC POA validation failed, Issued Date Found Blank",BUSINESS_VALIDATION_ERROR,declared,A,QC,POA ErrorCodes,
RESIDENT_QC_POA_DETAILS_TAMPERED,"Resident QC POA validation failed, Details got Tampered",BUSINESS_VALIDATION_ERROR,declared,A,QC,POA ErrorCodes,
RESIDENT_QC_POA_EXACT_DOCUMENT_MISMATCH,"Resident QC POA validation failed, Standard Format Certificate Missing Exact Match",BUSINESS_VALIDATION_ERROR,declared,A,QC,POA ErrorCodes,
RESIDENT_QC_POA_ORIGINAL_DOCUMENT_NOT_SCANNED,"Resident QC POA validation failed, Scanned Document Not Of Original Document",BUSINESS_VALIDATION_ERROR,declared,A,QC,POA ErrorCodes,
RESIDENT_QC_POA_DOCUMENT_ISSUER_VALIDATION_FAILED,"Resident QC POA validation failed, Incomplete Issuer's Details found",BUSINESS_VALIDATION_ERROR,declared,A,QC,POA ErrorCodes,
RESIDENT_QC_POA_TRANSLITERATION_ERROR,"Resident QC POA validation failed, Transliteration error Found",BUSINESS_VALIDATION_ERROR,declared,A,QC,POA ErrorCodes,
RESIDENT_QC_POA_NOT_CROSS_SIGNED,"Resident QC POA validation failed, Photo not cross signed",BUSINESS_VALIDATION_ERROR,declared,A,QC,POA ErrorCodes,
RESIDENT_QC_POA_DOCUMENT_NAME_MISMATCH,"Resident QC POA validation failed, Document Name Mismatch",BUSINESS_VALIDATION_ERROR,declared,A,QC,POA ErrorCodes,
RESIDENT_QC_POA_NO_RECORD_FOUND_DURING_SOURCE_VERIFICATION,Resident QC POA no record found during source verification,BUSINESS_VALIDATION_ERROR,declared,A,QC,POA ErrorCodes,
RESIDENT_QC_POA_DEMO_MISMATCH_DURING_SOURCE_VERIFICATION,Resident QC POA demo mismatch during source verification,BUSINESS_VALIDATION_ERROR,declared,A,QC,POA ErrorCodes,
RESIDENT_QC_POB_DEMO_MISMATCH_FOUND,"Resident QC POB validation failed, Demographic data mismatch Found",BUSINESS_VALIDATION_ERROR,declared,A,QC,POB ErrorCodes,
RESIDENT_QC_POB_JUNK_DATA_FOUND,"Resident QC POB validation failed, Junk data Found",BUSINESS_VALIDATION_ERROR,declared,A,QC,POB ErrorCodes,
RESIDENT_QC_POB_OVERWRITTEN_DOCUMENT_FOUND,"Resident QC POB validation failed, Overwritten document Found",BUSINESS_VALIDATION_ERROR,declared,A,QC,POB ErrorCodes,
RESIDENT_QC_POB_QUALITY_CHECK_FOUND,"Resident QC POB validation failed, Poor quality document Found",BUSINESS_VALIDATION_ERROR,declared,A,QC,POB ErrorCodes,
RESIDENT_QC_POB_OFFENSIVE_LANGUAGE_FOUND,"Resident QC POB validation failed, Unparliamentary",BUSINESS_VALIDATION_ERROR,declared,A,QC,POB ErrorCodes,
RESIDENT_QC_POB_NOT_AUTHORIZED_SIGNATORY,"Resident QC POB validation failed, No Authorized Signatory Found",BUSINESS_VALIDATION_ERROR,declared,A,QC,POB ErrorCodes,
RESIDENT_QC_POB_ADDRESS_VALIDATION_FAILED,"Resident QC POB validation failed, Address validation failed",BUSINESS_VALIDATION_ERROR,declared,A,QC,POB ErrorCodes,
RESIDENT_QC_POB_DOCUMENT_NOT_APPROVED,"Resident QC POB validation failed, No Approved Document Found",BUSINESS_VALIDATION_ERROR,declared,A,QC,POB ErrorCodes,
RESIDENT_QC_POB_DOCUMENT_MISSING,"Resident QC POB validation failed, Missing Document",BUSINESS_VALIDATION_ERROR,declared,A,QC,POB ErrorCodes,
RESIDENT_QC_POB_SIGNATURE_MISSING,"Resident QC POB validation failed, Resident Signature or Thumb Missing",BUSINESS_VALIDATION_ERROR,declared,A,QC,POB ErrorCodes,
RESIDENT_QC_POB_FRAUD_DOCUMENT_FOUND,"Resident QC POB validation failed, Fraudulent Document Found",BUSINESS_VALIDATION_ERROR,declared,A,QC,POB ErrorCodes,
RESIDENT_QC_POB_STD_FORMAT_CHECK_FAILED,"Resident QC POB validation failed, Standard Format Certificate not found",BUSINESS_VALIDATION_ERROR,declared,A,QC,POB ErrorCodes,
RESIDENT_QC_POB_SIGNED_DATE_VALIDATION_FAILED,"Resident QC POB validation failed, Signed Date is before the authorized Date",BUSINESS_VALIDATION_ERROR,declared,A,QC,POB ErrorCodes,
RESIDENT_QC_POB_NOT_APPLICABLE,"Resident QC POB validation failed, Not applicable",BUSINESS_VALIDATION_ERROR,declared,A,QC,POB ErrorCodes,
RESIDENT_QC_POB_ISSUED_DATE_CHECK_FAILED,"Resident QC POB validation failed, Issued Date Found Blank",BUSINESS_VALIDATION_ERROR,declared,A,QC,POB ErrorCodes,
RESIDENT_QC_POB_DETAILS_TAMPERED,"Resident QC POB validation failed, Details got Tampered",BUSINESS_VALIDATION_ERROR,declared,A,QC,POB ErrorCodes,
RESIDENT_QC_POB_EXACT_DOCUMENT_MISMATCH,"Resident QC POB validation failed, Standard Format Certificate Missing Exact Match",BUSINESS_VALIDATION_ERROR,declared,A,QC,POB ErrorCodes,
RESIDENT_QC_POB_ORIGINAL_DOCUMENT_NOT_SCANNED,"Resident QC POB validation failed, Scanned Document Not Of Original Document",BUSINESS_VALIDATION_ERROR,declared,A,QC,POB ErrorCodes,
RESIDENT_QC_POB_DOCUMENT_ISSUER_VALIDATION_FAILED,"Resident QC POB validation failed, Incomplete Issuer's Details found",BUSINESS_VALIDATION_ERROR,declared,A,QC,POB ErrorCodes,
RESIDENT_QC_POB_TRANSLITERATION_ERROR,"Resident QC POB validation failed, Transliteration error Found",BUSINESS_VALIDATION_ERROR,declared,A,QC,POB ErrorCodes,
RESIDENT_QC_POB_NOT_CROSS_SIGNED,"Resident QC POB validation failed, Photo not cross signed",BUSINESS_VALIDATION_ERROR,declared,A,QC,POB ErrorCodes,
RESIDENT_QC_POB_DOCUMENT_NAME_MISMATCH,"Resident QC POB validation failed, Document Name Mismatch",BUSINESS_VALIDATION_ERROR,declared,A,QC,POB ErrorCodes,
RESIDENT_QC_POB_NO_RECORD_FOUND_DURING_SOURCE_VERIFICATION,Resident QC POB no record found during source verification,BUSINESS_VALIDATION_ERROR,declared,A,QC,POB ErrorCodes,
RESIDENT_QC_POB_DEMO_MISMATCH_DURING_SOURCE_VERIFICATION,Resident QC POB demo mismatch during source verification,BUSINESS_VALIDATION_ERROR,declared,A,QC,POB ErrorCodes,
RESIDENT_QC_POB_DOCUMENT_NOT_AS_PER_REGULATIONS,Resident QC POB document not as per regulations,BUSINESS_VALIDATION_ERROR,declared,A,QC,POB ErrorCodes,
RESIDENT_QC_POB_DOCUMENT_WITH_DIFFERENT_BRN,Resident QC POB document with different brn,BUSINESS_VALIDATION_ERROR,declared,A,QC,POB ErrorCodes,
RESIDENT_QC_POI_DEMO_MISMATCH_FOUND,"Resident QC POI validation failed, Demographic data mismatch Found",BUSINESS_VALIDATION_ERROR,declared,A,QC,POI ErrorCodes,
RESIDENT_QC_POI_JUNK_DATA_FOUND,"Resident QC POI validation failed, Junk data Found",BUSINESS_VALIDATION_ERROR,declared,A,QC,POI ErrorCodes,
RESIDENT_QC_POI_OVERWRITTEN_DOCUMENT_FOUND,"Resident QC POI validation failed, Overwritten document Found",BUSINESS_VALIDATION_ERROR,declared,A,QC,POI ErrorCodes,
RESIDENT_QC_POI_QUALITY_CHECK_FOUND,"Resident QC POI validation failed, Poor quality document Found",BUSINESS_VALIDATION_ERROR,declared,A,QC,POI ErrorCodes,
RESIDENT_QC_POI_OFFENSIVE_LANGUAGE_FOUND,"Resident QC POI validation failed, Unparliamentary/ Offensive language Found",BUSINESS_VALIDATION_ERROR,declared,A,QC,POI ErrorCodes,
RESIDENT_QC_POI_NOT_AUTHORIZED_SIGNATORY,"Resident QC POI validation failed, No Authorized Signatory Found",BUSINESS_VALIDATION_ERROR,declared,A,QC,POI ErrorCodes,
RESIDENT_QC_POI_ADDRESS_VALIDATION_FAILED,"Resident QC POI validation failed, Address validation failed",BUSINESS_VALIDATION_ERROR,declared,A,QC,POI ErrorCodes,
RESIDENT_QC_POI_DOCUMENT_NOT_APPROVED,"Resident QC POI validation failed, No Approved Document Found",BUSINESS_VALIDATION_ERROR,declared,A,QC,POI ErrorCodes,
RESIDENT_QC_POI_DOCUMENT_MISSING,"Resident QC POI validation failed, Missing Document",BUSINESS_VALIDATION_ERROR,declared,A,QC,POI ErrorCodes,
RESIDENT_QC_POI_SIGNATURE_MISSING,"Resident QC POI validation failed, Resident Signature or Thumb Missing",BUSINESS_VALIDATION_ERROR,declared,A,QC,POI ErrorCodes,
RESIDENT_QC_POI_FRAUD_DOCUMENT_FOUND,"Resident QC POI validation failed, Fraudulent Document Found",BUSINESS_VALIDATION_ERROR,declared,A,QC,POI ErrorCodes,
RESIDENT_QC_POI_STD_FORMAT_CHECK_FAILED,"Resident QC POI validation failed, Standard Format Certificate not found",BUSINESS_VALIDATION_ERROR,declared,A,QC,POI ErrorCodes,
RESIDENT_QC_POI_SIGNED_DATE_VALIDATION_FAILED,"Resident QC POI validation failed, Signed Date is before the authorized Date",BUSINESS_VALIDATION_ERROR,declared,A,QC,POI ErrorCodes,
RESIDENT_QC_POI_NOT_APPLICABLE,"Resident QC POI validation failed, Not applicable",BUSINESS_VALIDATION_ERROR,declared,A,QC,POI ErrorCodes,
RESIDENT_QC_POI_ISSUED_DATE_CHECK_FAILED,"Resident QC POI validation failed, Issued Date Found Blank",BUSINESS_VALIDATION_ERROR,declared,A,QC,POI ErrorCodes,
RESIDENT_QC_POI_DETAILS_TAMPERED,"Resident QC POI validation failed, Details got Tampered",BUSINESS_VALIDATION_ERROR,declared,A,QC,POI ErrorCodes,
RESIDENT_QC_POI_EXACT_DOCUMENT_MISMATCH,"Resident QC POI validation failed, Standard Format",BUSINESS_VALIDATION_ERROR,declared,A,QC,POI ErrorCodes,
RESIDENT_QC_POI_ORIGINAL_DOCUMENT_NOT_SCANNED,"Resident QC POI validation failed, Scanned Document Not Of Original Document",BUSINESS_VALIDATION_ERROR,declared,A,QC,POI ErrorCodes,
RESIDENT_QC_POI_DOCUMENT_ISSUER_VALIDATION_FAILED,"Resident QC POI validation failed, Incomplete Issuer's Details found",BUSINESS_VALIDATION_ERROR,declared,A,QC,POI ErrorCodes,
RESIDENT_QC_POI_TRANSLITERATION_ERROR,"Resident QC POI validation failed, Transliteration error Found",BUSINESS_VALIDATION_ERROR,declared,A,QC,POI ErrorCodes,
RESIDENT_QC_POI_NOT_CROSS_SIGNED,"Resident QC POI validation failed, Photo not cross signed",BUSINESS_VALIDATION_ERROR,declared,A,QC,POI ErrorCodes,
RESIDENT_QC_POI_DOCUMENT_NAME_MISMATCH,"Resident QC POI validation failed, Document Name Mismatch",BUSINESS_VALIDATION_ERROR,declared,A,QC,POI ErrorCodes,
RESIDENT_QC_POI_DEMO_MISMATCH_DURING_SOURCE_VERIFICATION,Resident QC POI demo mismatch during source verification,BUSINESS_VALIDATION_ERROR,declared,A,QC,POI ErrorCodes,
RESIDENT_QC_POI_NO_RECORD_FOUND_DURING_SOURCE_VERIFICATION,Resident QC POI no record found during source verification,BUSINESS_VALIDATION_ERROR,declared,A,QC,POI ErrorCodes,
RESIDENT_QC_POR_DEMO_MISMATCH_FOUND,"Resident QC POR validation failed, Demographic data mismatch Found",BUSINESS_VALIDATION_ERROR,declared,A,QC,POR ErrorCodes,
RESIDENT_QC_POR_JUNK_DATA_FOUND,"Resident QC POR validation failed, Junk data Found",BUSINESS_VALIDATION_ERROR,declared,A,QC,POR ErrorCodes,
RESIDENT_QC_POR_OVERWRITTEN_DOCUMENT_FOUND,"Resident QC POR validation failed, Overwritten document Found",BUSINESS_VALIDATION_ERROR,declared,A,QC,POR ErrorCodes,
RESIDENT_QC_POR_QUALITY_CHECK_FOUND,"Resident QC POR validation failed, Poor quality document Found",BUSINESS_VALIDATION_ERROR,declared,A,QC,POR ErrorCodes,
RESIDENT_QC_POR_OFFENSIVE_LANGUAGE_FOUND,"Resident QC POR validation failed, Unparliamentary/ Offensive language Found",BUSINESS_VALIDATION_ERROR,declared,A,QC,POR ErrorCodes,
RESIDENT_QC_POR_NOT_AUTHORIZED_SIGNATORY,"Resident QC POR validation failed, No Authorized Signatory Found",BUSINESS_VALIDATION_ERROR,declared,A,QC,POR ErrorCodes,
RESIDENT_QC_POR_ADDRESS_VALIDATION_FAILED,"Resident QC POR validation failed, Address validation failed",BUSINESS_VALIDATION_ERROR,declared,A,QC,POR ErrorCodes,
RESIDENT_QC_POR_DOCUMENT_NOT_APPROVED,"Resident QC POR validation failed, No Approved Document Found",BUSINESS_VALIDATION_ERROR,declared,A,QC,POR ErrorCodes,
RESIDENT_QC_POR_DOCUMENT_MISSING,"Resident QC POR validation failed, Missing Document",BUSINESS_VALIDATION_ERROR,declared,A,QC,POR ErrorCodes,
RESIDENT_QC_POR_SIGNATURE_MISSING,"Resident QC POR validation failed, Resident Signature or Thumb Missing",BUSINESS_VALIDATION_ERROR,declared,A,QC,POR ErrorCodes,
RESIDENT_QC_POR_FRAUD_DOCUMENT_FOUND,"Resident QC POR validation failed, Fraudulent Document Found",BUSINESS_VALIDATION_ERROR,declared,A,QC,POR ErrorCodes,
RESIDENT_QC_POR_STD_FORMAT_CHECK_FAILED,"Resident QC POR validation failed, Standard Format Certificate not found",BUSINESS_VALIDATION_ERROR,declared,A,QC,POR ErrorCodes,
RESIDENT_QC_POR_SIGNED_DATE_VALIDATION_FAILED,"Resident QC POR validation failed, Signed Date is before the authorized Date",BUSINESS_VALIDATION_ERROR,declared,A,QC,POR ErrorCodes,
RESIDENT_QC_POR_NOT_APPLICABLE,"Resident QC POR validation failed, Not applicable",BUSINESS_VALIDATION_ERROR,declared,A,QC,POR ErrorCodes,
RESIDENT_QC_POR_ISSUED_DATE_CHECK_FAILED,"Resident QC POR validation failed, Issued Date Found Blank",BUSINESS_VALIDATION_ERROR,declared,A,QC,POR ErrorCodes,
RESIDENT_QC_POR_DETAILS_TAMPERED,"Resident QC POR validation failed, Details got Tampered",BUSINESS_VALIDATION_ERROR,declared,A,QC,POR ErrorCodes,
RESIDENT_QC_POR_EXACT_DOCUMENT_MISMATCH,"Resident QC POR validation failed, Standard Format Certificate Missing Exact Match",BUSINESS_VALIDATION_ERROR,declared,A,QC,POR ErrorCodes,
RESIDENT_QC_POR_ORIGINAL_DOCUMENT_NOT_SCANNED,"Resident QC POR validation failed, Scanned Document Not Of Original Document",BUSINESS_VALIDATION_ERROR,declared,A,QC,POR ErrorCodes,
RESIDENT_QC_POR_DOCUMENT_ISSUER_VALIDATION_FAILED,"Resident QC POR validation failed, Incomplete Issuer's Details found",BUSINESS_VALIDATION_ERROR,declared,A,QC,POR ErrorCodes,
RESIDENT_QC_POR_TRANSLITERATION_ERROR,"Resident QC POR validation failed, Transliteration error Found",BUSINESS_VALIDATION_ERROR,declared,A,QC,POR ErrorCodes,
RESIDENT_QC_POR_NOT_CROSS_SIGNED,"Resident QC POR validation failed, Photo not cross signed",BUSINESS_VALIDATION_ERROR,declared,A,QC,POR ErrorCodes,
RESIDENT_QC_POR_DOCUMENT_NAME_MISMATCH,"Resident QC POR validation failed, Document Name Mismatch",BUSINESS_VALIDATION_ERROR,declared,A,QC,POR ErrorCodes,
RESIDENT_QC_POB_DOB_VALIDATION_FAILED,"Resident QC POB validation failed, DOB validation failed",BUSINESS_VALIDATION_ERROR,declared,A,QC,POR ErrorCodes,
RESIDENT_QC_POR_CARE_OF_VALIDATION_FAILED,"Resident QC POR validation failed, Care of validation failed",BUSINESS_VALIDATION_ERROR,declared,A,QC,POR ErrorCodes,
RESIDENT_QC_BIO_FRAUD_CHECK_FAILED,Resident QC rejected due to bio fraud check failure,BUSINESS_VALIDATION_ERROR,declared,A,QC,POR ErrorCodes,
RESIDENT_QC_DDC_DUPLICATE_PACKET,Resident qc DDC duplicate packet found,BUSINESS_VALIDATION_ERROR,declared,A,QC,POR ErrorCodes,
RESIDENT_QC_HOF_RSV_ERROR_DEMOGRAPHIC_DATA_MISMATCH,"Resident qc HOF RSV error, demographic data mismatch",BUSINESS_VALIDATION_ERROR,declared,A,QC,POR ErrorCodes,
RESIDENT_QC_POA_RSV_ERROR_DEMOGRAPHIC_DATA_MISMATCH,"Resident qc POA RSV error, demographic data mismatch",BUSINESS_VALIDATION_ERROR,declared,A,QC,POR ErrorCodes,
RESIDENT_QC_POB_RSV_ERROR_DEMOGRAPHIC_DATA_MISMATCH,"Resident qc POB RSV error, demographic data mismatch",BUSINESS_VALIDATION_ERROR,declared,A,QC,POR ErrorCodes,
RESIDENT_QC_POI_RSV_ERROR_DEMOGRAPHIC_DATA_MISMATCH,"Resident qc POI RSV error, demographic data mismatch",BUSINESS_VALIDATION_ERROR,declared,A,QC,POR ErrorCodes,
RESIDENT_QC_POR_RSV_ERROR_DEMOGRAPHIC_DATA_MISMATCH,"Resident qc POR RSV error, demographic data mismatch",BUSINESS_VALIDATION_ERROR,declared,A,QC,POR ErrorCodes,
RESIDENT_QC_POR_DEMO_MISMATCH_DURING_SOURCE_VERIFICATION,Resident QC POR demo mismatch during source verification,BUSINESS_VALIDATION_ERROR,declared,A,QC,POR ErrorCodes,
RESIDENT_QC_POR_NO_RECORD_FOUND_DURING_SOURCE_VERIFICATION,Resident QC POR no record found during source verification,BUSINESS_VALIDATION_ERROR,declared,A,QC,POR ErrorCodes,
RESIDENT_SMARTQC_POB_NAME_MISMATCH_FOUND,Resident smart qc name mismatch in POB document,BUSINESS_VALIDATION_ERROR,declared,A,SmartQc Rejection Codes,,
RESIDENT_SMARTQC_POA_NAME_MISMATCH,Resident smart qc name mismatch in POA document,BUSINESS_VALIDATION_ERROR,declared,A,SmartQc Rejection Codes,,
RESIDENT_SMARTQC_POB_DOB_MISMATCH_FOUND,Resident smart qc DOB mismatch in POB document,BUSINESS_VALIDATION_ERROR,declared,A,SmartQc Rejection Codes,,
RESIDENT_SMARTQC_POI_NAME_MISMATCH_FOUND,Resident smart qc name mismatch in POI document,BUSINESS_VALIDATION_ERROR,declared,A,SmartQc Rejection Codes,,
RESIDENT_SMARTQC_POR_NAME_MISMATCH_FOUND,Resident smart qc name mismatch in POR document,BUSINESS_VALIDATION_ERROR,declared,A,SmartQc Rejection Codes,,
RESIDENT_SMARTQC_POR_RELATION_MISMATCH_FOUND,Resident smart qc relation mismatch in POR document,BUSINESS_VALIDATION_ERROR,declared,A,SmartQc Rejection Codes,,
RESIDENT_SMARTQC_POI_GENDER_MISMATCH_FOUND,Resident smart qc gender mismatch in POI document,BUSINESS_VALIDATION_ERROR,declared,A,SmartQc Rejection Codes,,
PKT_REJECT_FOR_INVALID_QRCODE_PROOF_DOCUMENT,Resident smart qc invalid document qr,BUSINESS_VALIDATION_ERROR,declared,A,SmartQc Rejection Codes,,
PKT_REJECT_FOR_POOR_QUALITY_QR_OR_NO_QR,Resident smart qc poor quality document qr,BUSINESS_VALIDATION_ERROR,declared,A,SmartQc Rejection Codes,,
PKT_REJECT_FOR_QRCODE_DEMO_MISS_MATCH,all demographics present are NA inside qr,BUSINESS_VALIDATION_ERROR,declared,A,SmartQc Rejection Codes,,
RESIDENT_SMARTQC_POB_FRAUD_DOCUMENT_FOUND,Resident smart qc fraud POB document,BUSINESS_VALIDATION_ERROR,declared,A,SmartQc Rejection Codes,,
RESIDENT_SMARTQC_POA_ADDRESS_VALIDATION_FAILED,Resident smart qc address mismatch in POA document,BUSINESS_VALIDATION_ERROR,declared,A,SmartQc Rejection Codes,,
RESIDENT_SMARTQC_POA_FRAUD_DOCUMENT_FOUND,Resident smart qc fraud POA document,BUSINESS_VALIDATION_ERROR,declared,A,SmartQc Rejection Codes,,
RESIDENT_SMARTQC_POI_FRAUD_DOCUMENT_FOUND,Resident smart qc fraud POI document,BUSINESS_VALIDATION_ERROR,declared,A,SmartQc Rejection Codes,,
RESIDENT_SMARTQC_POR_FRAUD_DOCUMENT_FOUND,Resident smart qc fraud POR document,BUSINESS_VALIDATION_ERROR,declared,A,SmartQc Rejection Codes,,
RESIDENT_DOCUMENT_VERIFICATION_FAILED,Resident Documents Verification through NIC Service failed,BUSINESS_VALIDATION_ERROR,declared,A,StatePortal,,
RESIDENT_MAN_DEDUP_DUPLICATE,MDD Rejected packet for duplicates,BUSINESS_VALIDATION_ERROR,declared,A,Biometric,,
RESIDENT_BIO_EXCEPTION_PHOTO_NOT_PRESENT,Missing resident bio exception photo,BUSINESS_VALIDATION_ERROR,declared,A,Biometric,,
RESIDENT_UPDATE_REJECT_FOR_IDENTIFY_FAILURE,Only Identify response does not contain UID belonging to applicant,BUSINESS_VALIDATION_ERROR,declared,A,Biometric,,
BIO_ABIS_RESPONSE_NON_FAIL_OR_SUCCESS,ABIS-MW Response Status is other than FAILURE/SUCCESS,BUSINESS_VALIDATION_ERROR,declared,A,Biometric,,
RESIDENT_BIOMETRIC_UPDATE_IDENTIFY_FAILURE,Resident bio identify is not successful / no candidates detected,BUSINESS_VALIDATION_ERROR,declared,A,Biometric,,
RESIDENT_BIOMETRIC_UPDATE_FAILURE,Resident bio update to abis status is not success,BUSINESS_VALIDATION_ERROR,declared,A,Biometric,,
RESIDENT_BIOMETRIC_QUALITY_CHECK_FAILED,Resident biometric quality check status is not success,BUSINESS_VALIDATION_ERROR,declared,A,Biometric,,
EXT_PKT_BIOMETRIC_CAPTURE_TRAIL_DATA_MISSING,Biometric capture trail has invalid data,BUSINESS_VALIDATION_ERROR,declared,A,Biometric,,
BIO_QUALITY_FINGER_IMAGE_ERROR,Resident biometric finger image capture quality does not match threshold,BUSINESS_VALIDATION_ERROR,declared,A,Biometric,,
BIO_QUALITY_FINGER_LIVENESS_ERROR,Resident biometric finger image liveliness quality does not match threshold,BUSINESS_VALIDATION_ERROR,declared,A,Biometric,,
BIO_QUALITY_FINGER_SYSTEMATIC_CAPTURE_ERROR,Resident biometric finger image suspected symmetric capture,BUSINESS_VALIDATION_ERROR,declared,A,Biometric,,
BIO_QUALITY_IRIS_IMAGE_ERROR,Resident biometric iris image capture quality does not match threshold,BUSINESS_VALIDATION_ERROR,declared,A,Biometric,,
BIO_QUALITY_IRIS_LIVENESS_ERROR,Resident biometric iris image liveliness quality does not match threshold,BUSINESS_VALIDATION_ERROR,declared,A,Biometric,,
BIO_QUALITY_IRIS_SYSTEMATIC_CAPTURE_ERROR,Resident biometric iris image suspected symmetric capture,BUSINESS_VALIDATION_ERROR,declared,A,Biometric,,
BIO_QUALITY_FACE_IMAGE_ERROR,Resident biometric face image capture quality does not match threshold,BUSINESS_VALIDATION_ERROR,declared,A,Biometric,,
BIO_QUALITY_FACE_LIVENESS_ERROR,Resident biometric face image liveliness quality does not match threshold,BUSINESS_VALIDATION_ERROR,declared,A,Biometric,,
BIO_QUALITY_FACE_SYSTEMATIC_CAPTURE_ERROR,Resident biometric face image suspected symmetric capture,BUSINESS_VALIDATION_ERROR,declared,A,Biometric,,
BIO_CONSISTENCY_CHECK_FAILED,Consistency Check Failed For The Applicant,BUSINESS_VALIDATION_ERROR,declared,A,Biometric,,
RESIDENT_NO_VALID_UPDATEBITS_FOUND,Resident current request update bits found rejected,BUSINESS_VALIDATION_ERROR,declared,A,SuccessInterceptor,,
RESIDENT_REJECT_BITS_FOUND,"Resident enrolment failed, Reject Bits found for the request",BUSINESS_VALIDATION_ERROR,declared,A,SuccessInterceptor,,
RESIDENT_NAME_UPDATE_INCOMPLETE,Resident name enrolment or update not allowed without Resident local name change,BUSINESS_VALIDATION_ERROR,declared,A,SuccessInterceptor,,
RESIDENT_ADDRESS_UPDATE_INCOMPLETE,Resident address enrolment or update not allowed without Resident local address change,BUSINESS_VALIDATION_ERROR,declared,A,SuccessInterceptor,,
RESIDENT_DUPLICATE_UPDATE_REQUEST_FOUND,Resident Update request rejected as duplicates found for the request,BUSINESS_VALIDATION_ERROR,declared,A,SuccessInterceptor,,
AUTH_EXTRACTION_FAILURE,AuthExtraction Failure,BUSINESS_VALIDATION_ERROR,declared,A,PostEnrolment,,
EXT_PKT_DATA_MISSING,Extracted Packet found empty,BUSINESS_VALIDATION_ERROR,declared,A,PostEnrolment,Data Access Issues,
EXT_PKT_ENROLLMENT_PACKET_DATA_MISSING,Enrollment Packet data not available in the Packet,BUSINESS_VALIDATION_ERROR,declared,A,PostEnrolment,Data Access Issues,
EXT_PKT_PRINT_ADDRESS_LAYOUT_DATA_MISSING,Print Address Layout data not available in the Packet,BUSINESS_VALIDATION_ERROR,declared,A,PostEnrolment,Data Access Issues,
EXT_PKT_PRINT_ADDRESS_FIELD_DATA_MISSING,Print Address Field data not available in the Packet,BUSINESS_VALIDATION_ERROR,declared,A,PostEnrolment,Data Access Issues,
EXT_PKT_LEVEL_OF_INTRODUCER_SIGNATURE_DATA_MISSING,Level of Introducer Signature data not available in the Packet,BUSINESS_VALIDATION_ERROR,declared,A,PostEnrolment,Data Access Issues,
EXT_PKT_RESIDENT_PROFILE_DATA_MISSING,Resident Profile data not available in the Packet,BUSINESS_VALIDATION_ERROR,declared,A,PostEnrolment,Data Access Issues,
EXT_PKT_DOB_DATA_MISSING,DoB data not available in the Packet,BUSINESS_VALIDATION_ERROR,declared,A,PostEnrolment,Data Access Issues,
EXT_PKT_POB_DATA_MISSING,PoB data not available in the Packet,BUSINESS_VALIDATION_ERROR,declared,A,PostEnrolment,Data Access Issues,
EXT_PKT_STATUS_DATA_MISSING,Status data not available in the Packet,BUSINESS_VALIDATION_ERROR,declared,A,PostEnrolment,Data Access Issues,
EXT_PKT_DOD_DATA_MISSING,DoD data not available in the Packet,BUSINESS_VALIDATION_ERROR,declared,A,PostEnrolment,Data Access Issues,
EXT_PKT_REQUEST_MODE_DATA_MISSING,Request Mode data not available in the Packet,BUSINESS_VALIDATION_ERROR,declared,A,PostEnrolment,Data Access Issues,
EXT_PKT_GENDER_DATA_MISSING,Gender data not available in the Packet,BUSINESS_VALIDATION_ERROR,declared,A,PostEnrolment,Data Access Issues,
EXT_PKT_RELATION_TYPE_DATA_MISSING,Relation Type data not available in the Packet,BUSINESS_VALIDATION_ERROR,declared,A,PostEnrolment,Data Access Issues,
EXT_PKT_REL_ID_TYPE_DATA_MISSING,Rel Id Type data not available in the Packet,BUSINESS_VALIDATION_ERROR,declared,A,PostEnrolment,Data Access Issues,
EXT_PKT_REL_TYPE_DATA_MISSING,Rel Type data not available in the Packet,BUSINESS_VALIDATION_ERROR,declared,A,PostEnrolment,Data Access Issues,
EXT_PKT_LINKED_ENROLMENT_DATA_MISSING,Linked Enrolment data not available in the Packet,BUSINESS_VALIDATION_ERROR,declared,A,PostEnrolment,Data Access Issues,
EXT_PKT_LINK_ID_TYPE_DATA_MISSING,Link Id Type data not available in the Packet,BUSINESS_VALIDATION_ERROR,declared,A,PostEnrolment,Data Access Issues,
EXT_PKT_RESIDENT_BIOMETRIC_TYPE_DATA_MISSING,Resident Biometric Type data not available in the Packet,BUSINESS_VALIDATION_ERROR,declared,A,PostEnrolment,Data Access Issues,
EXT_PKT_EXTENDED_ATTRIBUTES_DATA_MISSING,Extended Attributes data not available in the Packet,BUSINESS_VALIDATION_ERROR,declared,A,PostEnrolment,Data Access Issues,
EXT_PKT_VERIFICATION_PROOF_TYPE_DATA_MISSING,Verification Proof Type data not available in the Packet,BUSINESS_VALIDATION_ERROR,declared,A,PostEnrolment,Data Access Issues,
EXT_PKT_DOCUMENT_TYPE_DATA_MISSING,Document Type data not available in the Packet,BUSINESS_VALIDATION_ERROR,declared,A,PostEnrolment,Data Access Issues,
EXT_PKT_POI_DATA_MISSING,POI data not available in the Packet,BUSINESS_VALIDATION_ERROR,declared,A,PostEnrolment,Data Access Issues,
EXT_PKT_POA_DATA_MISSING,POA data not available in the Packet,BUSINESS_VALIDATION_ERROR,declared,A,PostEnrolment,Data Access Issues,
EXT_PKT_OTHER_PROOFS_DATA_MISSING,Other proofs data not available in the Packet,BUSINESS_VALIDATION_ERROR,declared,A,PostEnrolment,Data Access Issues,
EXT_PKT_INTRODUCER_TYPE_DATA_MISSING,Introducer Type data not available in the Packet,BUSINESS_VALIDATION_ERROR,declared,A,PostEnrolment,Data Access Issues,
EXT_PKT_HOF_TYPE_DATA_MISSING,Head of Family Type data not available in the Packet,BUSINESS_VALIDATION_ERROR,declared,A,PostEnrolment,Data Access Issues,
EXT_PKT_HOF_ID_TYPE_DATA_MISSING,Head of Family Id Type data not available in the Packet,BUSINESS_VALIDATION_ERROR,declared,A,PostEnrolment,Data Access Issues,
EXT_PKT_PROOF_OF_RESIDENT_FOREIGNER_DATA_MISSING,Proof of Resident Foreigner data not available in the Packet,BUSINESS_VALIDATION_ERROR,declared,A,PostEnrolment,Data Access Issues,
EXT_PKT_POF_DATA_MISSING,POF data not available in the Packet,BUSINESS_VALIDATION_ERROR,declared,A,PostEnrolment,Data Access Issues,
EXT_PKT_AUDIT_INFO_DATA_MISSING,Audit Info data not available in the Packet,BUSINESS_VALIDATION_ERROR,declared,A,PostEnrolment,Data Access Issues,
EXT_PKT_CURRENT_OPERATOR_DATA_MISSING,Current Operator data not available in the Packet,BUSINESS_VALIDATION_ERROR,declared,A,PostEnrolment,Data Access Issues,
EXT_PKT_BIOMETRIC_CAPTURE_TYPE_DATA_MISSING,Biometric Capture Type data not available in the Packet,BUSINESS_VALIDATION_ERROR,declared,A,PostEnrolment,Data Access Issues,
EXT_PKT_DEVICE_INFO_DATA_MISSING,Device Info data not available in the Packet,BUSINESS_VALIDATION_ERROR,declared,A,PostEnrolment,Data Access Issues,
EXT_PKT_BODY_PART_LIST_DATA_MISSING,Body Part List data not available in the Packet,BUSINESS_VALIDATION_ERROR,declared,A,PostEnrolment,Data Access Issues,
EXT_PKT_MISSING_PART_LIST_DATA_MISSING,Missing Part List data not available in the Packet,BUSINESS_VALIDATION_ERROR,declared,A,PostEnrolment,Data Access Issues,
EXT_PKT_LVS_DETAILS_DATA_MISSING,LVS Details data not available in the Packet,BUSINESS_VALIDATION_ERROR,declared,A,PostEnrolment,Data Access Issues,
EXT_PKT_GPS_VALIDATION_DATA_MISSING,GPS Validation data not available in the Packet,BUSINESS_VALIDATION_ERROR,declared,A,PostEnrolment,Data Access Issues,
EXT_PKT_STEP_TRANSITIONS_DATA_MISSING,Step Transitions data not available in the Packet,BUSINESS_VALIDATION_ERROR,declared,A,PostEnrolment,Data Access Issues,
EXT_PKT_UPDATE_TYPE_DATA_MISSING,Update Type data not available in the Packet,BUSINESS_VALIDATION_ERROR,declared,A,PostEnrolment,Data Access Issues,
EXT_PKT_UPDATE_MODE_DATA_MISSING,Update Mode data not available in the Packet,BUSINESS_VALIDATION_ERROR,declared,A,PostEnrolment,Data Access Issues,
EXT_PKT_ENROLMENT_TYPE_DATA_MISSING,Enrolment Type data not available in the Packet,BUSINESS_VALIDATION_ERROR,declared,A,PostEnrolment,Data Access Issues,
EXT_PKT_CLIENT_TYPE_DATA_MISSING,Client Type data not available in the Packet,BUSINESS_VALIDATION_ERROR,declared,A,PostEnrolment,Data Access Issues,
EXT_PKT_ENROLMENT_MODE_DATA_MISSING,Enrolment Mode data not available in the Packet,BUSINESS_VALIDATION_ERROR,declared,A,PostEnrolment,Data Access Issues,
EXT_PKT_IRIS_CAPTURE_LIST_DATA_MISSING,Iris Capture List data not available in the Packet,BUSINESS_VALIDATION_ERROR,declared,A,PostEnrolment,Data Access Issues,
EXT_PKT_PHOTO_CAPTURE_LIST_DATA_MISSING,Photo Capture List data not available in the Packet,BUSINESS_VALIDATION_ERROR,declared,A,PostEnrolment,Data Access Issues,
EXT_PKT_FINGER_CAPTURE_LIST_DATA_MISSING,Finger Capture List data not available in the Packet,BUSINESS_VALIDATION_ERROR,declared,A,PostEnrolment,Data Access Issues,
EXT_PKT_ENROLMENT_QA_AUDIT_DATA_MISSING,Enrolment QA Audit data not available in the Packet,BUSINESS_VALIDATION_ERROR,declared,A,PostEnrolment,Data Access Issues,
EXT_PKT_QA_CORRECTION_FIELDS_DATA_MISSING,QACorrection Correction Fields data not available in the Packet,BUSINESS_VALIDATION_ERROR,declared,A,PostEnrolment,Data Access Issues,
EXT_PKT_QA_STEP_TRANSITIONS_DATA_MISSING,QACorrection Step Transitions data not available in the Packet,BUSINESS_VALIDATION_ERROR,declared,A,PostEnrolment,Data Access Issues,
EXT_PKT_LEVEL_TO_OPERATOR_SUPERVISORS_DATA_MISSING,Level to Operator Supervisors data not available in the Packet,BUSINESS_VALIDATION_ERROR,declared,A,PostEnrolment,Data Access Issues,
EXT_PKT_LEVEL_TO_SIGNATURES_DATA_MISSING,Level to Signatures data not available in the Packet,BUSINESS_VALIDATION_ERROR,declared,A,PostEnrolment,Data Access Issues,
EXT_PKT_INTRODUCER_DETAILS_DATA_MISSING,Introducer Details data not available in the Packet,BUSINESS_VALIDATION_ERROR,declared,A,PostEnrolment,Data Access Issues,
EXT_PKT_LEVEL_TO_METADATA_DATA_MISSING,Level to Metadata data not available in the Packet,BUSINESS_VALIDATION_ERROR,declared,A,PostEnrolment,Data Access Issues,
EXT_PKT_LEVEL_TO_REVIEWS_DATA_MISSING,Level to Reviews data not available in the Packet,BUSINESS_VALIDATION_ERROR,declared,A,PostEnrolment,Data Access Issues,
EXT_PKT_ENROLMENT_RESIDENT_AUTH_DATA_MISSING,Enrolment Resident Auth data not available in the Packet,BUSINESS_VALIDATION_ERROR,declared,A,PostEnrolment,Data Access Issues,
EXT_PKT_STORED_RESIDENT_DATA_DATA_MISSING,Stored Resident Data data not available in the Packet,BUSINESS_VALIDATION_ERROR,declared,A,PostEnrolment,Data Access Issues,
EXT_PKT_ENROLMENT_MANIFEST_DATA_MISSING,Enrolment Manifest data not available in the Packet,BUSINESS_VALIDATION_ERROR,declared,A,PostEnrolment,Data Access Issues,
EXT_PKT_PACKET_LIST_TYPE_DATA_MISSING,Packet List Type data not available in the Packet,BUSINESS_VALIDATION_ERROR,declared,A,PostEnrolment,Data Access Issues,
EXT_PKT_DIGITAL_SIGNATURE_INFO_DATA_MISSING,Digital Signature Info data not available in the Packet,BUSINESS_VALIDATION_ERROR,declared,A,PostEnrolment,Data Access Issues,
EXT_PKT_AUTH_STATUS_DATA_MISSING,Auth Status data not available in the Packet,BUSINESS_VALIDATION_ERROR,declared,A,PostEnrolment,Data Access Issues,
EXT_PKT_REASON_CODE_DATA_MISSING,Reason Code data not available in the Packet,BUSINESS_VALIDATION_ERROR,declared,A,PostEnrolment,Data Access Issues,
EXT_PKT_ENROLLMENT_PACKET_URI_DATA_MISSING,Enrollment Packet URI data not available in the Packet,BUSINESS_VALIDATION_ERROR,declared,A,PostEnrolment,Data Access Issues,
EXT_PKT_HOLD_RESOLUTION_TYPE_DATA_MISSING,Hold Resolution Type data not available in the Packet,BUSINESS_VALIDATION_ERROR,declared,A,PostEnrolment,Data Access Issues,
EXT_PKT_PACKET_PROCESS_STATUS_DATA_MISSING,Packet Process Status data not available in the Packet,BUSINESS_VALIDATION_ERROR,declared,A,PostEnrolment,Data Access Issues,
EXT_PKT_REQUEST_APPLICATION_TYPE_DATA_MISSING,Request Application Type data not available in the Packet,BUSINESS_VALIDATION_ERROR,declared,A,PostEnrolment,Data Access Issues,
EXT_PKT_RESEND_INFO_TYPE_DATA_MISSING,Resend Info Type data not available in the Packet,BUSINESS_VALIDATION_ERROR,declared,A,PostEnrolment,Data Access Issues,
EXT_PKT_STAGE_SKIP_INFO_DATA_MISSING,Stage Skip Info data not available in the Packet,BUSINESS_VALIDATION_ERROR,declared,A,PostEnrolment,Data Access Issues,
EXT_PKT_PHOTO_DATA_MISSING,Photo data not available in the Packet,BUSINESS_VALIDATION_ERROR,declared,A,PostEnrolment,Data Access Issues,
EXT_PKT_METADATA_REGISTRAR_ID_EMPTY,Registrar Id not available in the Packet,BUSINESS_VALIDATION_ERROR,declared,A,PostEnrolment,Data Access Issues,
EXT_PKT_METADATA_STATION_ID_EMPTY,Station Id not available in the Packet,BUSINESS_VALIDATION_ERROR,declared,A,PostEnrolment,Data Access Issues,
EXT_PKT_ENR_MACHINE_CODE_EMPTY,Packet Machine code not available in the Packet,BUSINESS_VALIDATION_ERROR,declared,A,PostEnrolment,Data Access Issues,
EXT_PKT_METADATA_AGENCY_ID_EMPTY,Agency Id not available in the Packet,BUSINESS_VALIDATION_ERROR,declared,A,PostEnrolment,Data Access Issues,
EXT_PKT_GPS_NOT_AVAILABLE,GPS latitude and longitude not available in the Packet,BUSINESS_VALIDATION_ERROR,declared,A,PostEnrolment,Data Access Issues,
EXT_PKT_HOF_ID_IS_MISSING,Head of the family ID is not available in the packet,BUSINESS_VALIDATION_ERROR,declared,A,PostEnrolment,Data Access Issues,
EXT_PKT_CURRENT_SUPERVISOR_DATA_MISSING,Current Supervisor data not available in the Packet,BUSINESS_VALIDATION_ERROR,declared,A,PostEnrolment,Data Access Issues,
EXT_PKT_CLIENT_ID_DATA_MISSING,Client Id data not available in the Packet,BUSINESS_VALIDATION_ERROR,declared,A,PostEnrolment,Data Access Issues,
EXT_PKT_CLIENT_VERSION_DATA_MISSING,Client Version data not available in the Packet,BUSINESS_VALIDATION_ERROR,declared,A,PostEnrolment,Data Access Issues,
EXT_PKT_ENR_END_DATE_DATA_MISSING,Enrolment End Date data not available in the Packet,BUSINESS_VALIDATION_ERROR,declared,A,PostEnrolment,Data Access Issues,
EXT_PKT_RES_NAME_DATA_EMPTY,Resident name data not available in the Packet,BUSINESS_VALIDATION_ERROR,declared,A,PostEnrolment,Data Access Issues,
EXT_PKT_DOB_DAY_DATA_EMPTY,Resident DOB day data not available in the Packet,BUSINESS_VALIDATION_ERROR,declared,A,PostEnrolment,Data Access Issues,
EXT_PKT_DOB_MONTH_DATA_EMPTY,Resident DOB month data not available in the Packet,BUSINESS_VALIDATION_ERROR,declared,A,PostEnrolment,Data Access Issues,
EXT_PKT_DOB_YEAR_DATA_EMPTY,Resident DOB year data not available in the Packet,BUSINESS_VALIDATION_ERROR,declared,A,PostEnrolment,Data Access Issues,
EXT_PKT_DOD_DAY_DATA_EMPTY,Resident DOD day data not available in the Packet,BUSINESS_VALIDATION_ERROR,declared,A,PostEnrolment,Data Access Issues,
EXT_PKT_DOD_MONTH_DATA_EMPTY,Resident DOD month data not available in the Packet,BUSINESS_VALIDATION_ERROR,declared,A,PostEnrolment,Data Access Issues,
EXT_PKT_DOD_YEAR_DATA_EMPTY,Resident DOD year data not available in the Packet,BUSINESS_VALIDATION_ERROR,declared,A,PostEnrolment,Data Access Issues,
EXT_PKT_EMAIL_DATA_EMPTY,Resident Email data not available in the Packet,BUSINESS_VALIDATION_ERROR,declared,A,PostEnrolment,Data Access Issues,
EXT_PKT_MOBILE_DATA_EMPTY,Resident Mobile data not available in the Packet,BUSINESS_VALIDATION_ERROR,declared,A,PostEnrolment,Data Access Issues,
EXT_PKT_STATE_DATA_EMPTY,Resident Address State data not available in the Packet,BUSINESS_VALIDATION_ERROR,declared,A,PostEnrolment,Data Access Issues,
EXT_PKT_DISTRICT_DATA_EMPTY,Resident Address District data not available in the Packet,BUSINESS_VALIDATION_ERROR,declared,A,PostEnrolment,Data Access Issues,
EXT_PKT_VTC_DATA_EMPTY,Resident Address VTC data not available in the Packet,BUSINESS_VALIDATION_ERROR,declared,A,PostEnrolment,Data Access Issues,
EXT_PKT_PINCODE_DATA_EMPTY,Resident Address Pincode data not available in the Packet,BUSINESS_VALIDATION_ERROR,declared,A,PostEnrolment,Data Access Issues,
EXT_PKT_HOF_NAME_DATA_MISSING,Head of Family Name data not available in the Packet,BUSINESS_VALIDATION_ERROR,declared,A,PostEnrolment,Data Access Issues,
EXT_PKT_ADDRESS_DATA_EMPTY,Resident Address data not available in the Packet,BUSINESS_VALIDATION_ERROR,declared,A,PostEnrolment,Data Access Issues,
NON_LIVE_LEFT_SLAP_CAPTURE,Non-live left slap image in the packet,BUSINESS_VALIDATION_ERROR,declared,A,PostEnrolment,Bio Fraud Stage,
NON_LIVE_RIGHT_SLAP_CAPTURE,Non-live right slap image in the packet,BUSINESS_VALIDATION_ERROR,declared,A,PostEnrolment,Bio Fraud Stage,
NON_LIVE_BOTH_THUMBS_CAPTURE,Non-live both thumbs image in the packet,BUSINESS_VALIDATION_ERROR,declared,A,PostEnrolment,Bio Fraud Stage,
MISMATCH_IN_PREDICTED_AGE_AND_DECLARED_AGE,Mismatch in predicted and actual age of the resident,BUSINESS_VALIDATION_ERROR,declared,A,PostEnrolment,Bio Fraud Stage,
NON_LIVE_FACE_CAPTURE,Non-live facial image in the packet,BUSINESS_VALIDATION_ERROR,declared,A,PostEnrolment,Bio Fraud Stage,
NON_LIVE_LEFT_IRIS_CAPTURE,Non-live left iris image in the packet,BUSINESS_VALIDATION_ERROR,declared,A,PostEnrolment,Bio Fraud Stage,
NON_LIVE_RIGHT_IRIS_CAPTURE,Non-live right iris image in the packet,BUSINESS_VALIDATION_ERROR,declared,A,PostEnrolment,Bio Fraud Stage,
MISMATCH_IN_GENDER_AND_PREDICTED_GENDER,Mismatch in actual gender and predicted gender,BUSINESS_VALIDATION_ERROR,declared,A,PostEnrolment,Bio Fraud Stage,
UNKNOWN_UNSYSTEMATIC_CAPTURE,Unknown capture is passed,BUSINESS_VALIDATION_ERROR,declared,A,PostEnrolment,Bio Fraud Stage,
PHOTO_ON_PHOTO,Photo on photo detected instead of valid capture,BUSINESS_VALIDATION_ERROR,declared,A,PostEnrolment,Bio Fraud Stage,
PARTIAL_CAPTURE,Partial or incomplete image captured,BUSINESS_VALIDATION_ERROR,declared,A,PostEnrolment,Bio Fraud Stage,
BLURRED_IMAGE,Image quality insufficient due to blur or poor quality,BUSINESS_VALIDATION_ERROR,declared,A,PostEnrolment,Bio Fraud Stage,
MULTIPLE_CAPTURE,Multiple face captures detected instead of single valid image,BUSINESS_VALIDATION_ERROR,declared,A,PostEnrolment,Bio Fraud Stage,
MISSING_BIOMETRIC_DATA,Required Biometric Data not received from BDR,BUSINESS_VALIDATION_ERROR,declared,A,PostEnrolment,Bio Fraud Stage,
TOE_PRINT,Toe Print detected instead of valid capture,BUSINESS_VALIDATION_ERROR,declared,A,PostEnrolment,Bio Fraud Stage,
SWAP,Swap detected instead of valid capture,BUSINESS_VALIDATION_ERROR,declared,A,PostEnrolment,Bio Fraud Stage,
MIXED,Mixed detected instead of valid capture,BUSINESS_VALIDATION_ERROR,declared,A,PostEnrolment,Bio Fraud Stage,
PHALANX,Phalanx detected instead of valid capture,BUSINESS_VALIDATION_ERROR,declared,A,PostEnrolment,Bio Fraud Stage,
INVERTED,Inverted detected instead of valid capture,BUSINESS_VALIDATION_ERROR,declared,A,PostEnrolment,Bio Fraud Stage,
GUMMY,Gummy detected instead of valid capture,BUSINESS_VALIDATION_ERROR,declared,A,PostEnrolment,Bio Fraud Stage,
FINGER_TIP,Finger Tip detected instead of valid capture,BUSINESS_VALIDATION_ERROR,declared,A,PostEnrolment,Bio Fraud Stage,
ROTATED_MORE_THAN_90_DEGREES,Image rotated more than 90 degrees instead of valid capture,BUSINESS_VALIDATION_ERROR,declared,A,PostEnrolment,Bio Fraud Stage,
NON_HUMAN,Non-human detected instead of valid capture,BUSINESS_VALIDATION_ERROR,declared,A,PostEnrolment,Bio Fraud Stage,
FLIPPED_AND_GENUINE,Flipped and genuine detected instead of valid capture,BUSINESS_VALIDATION_ERROR,declared,A,PostEnrolment,Bio Fraud Stage,
INCORRECT,Incorrect capture detected instead of valid capture,BUSINESS_VALIDATION_ERROR,declared,A,PostEnrolment,Bio Fraud Stage,
POOR_QUALITY,Poor quality image detected instead of valid capture,BUSINESS_VALIDATION_ERROR,declared,A,PostEnrolment,Bio Fraud Stage,
UNSYSTEMATIC,Unsystematic capture detected instead of valid capture,BUSINESS_VALIDATION_ERROR,declared,A,PostEnrolment,Bio Fraud Stage,
BLANK,Blank image detected instead of valid capture,BUSINESS_VALIDATION_ERROR,declared,A,PostEnrolment,Bio Fraud Stage,
OUT_OF_FOCUS,Image out of focus detected instead of valid capture,BUSINESS_VALIDATION_ERROR,declared,A,PostEnrolment,Bio Fraud Stage,
FLIPPED,Flipped image detected instead of valid capture,BUSINESS_VALIDATION_ERROR,declared,A,PostEnrolment,Bio Fraud Stage,
LENS_IRIS,Lens iris detected instead of valid capture,BUSINESS_VALIDATION_ERROR,declared,A,PostEnrolment,Bio Fraud Stage,
ADULT_ENROLLING_AS_A_CHILD,Adult enrolling as a child detected instead of valid capture,BUSINESS_VALIDATION_ERROR,declared,A,PostEnrolment,Bio Fraud Stage,
KAFKA_PRODUCER_EXCEPTION,Exception in publishing Message,TECHNICAL_EXCEPTION,declared,C,PostEnrolment,Bio Fraud Stage,
RABBITMQ_CONSUMER_EXCEPTION,Error in consuming RabbitMQ Message,TECHNICAL_EXCEPTION,declared,C,PostEnrolment,Bio Fraud Stage,
RABBITMQ_MESSAGE_ACK_EXCEPTION,Error in acknowledging RabbitMq Message,TECHNICAL_EXCEPTION,declared,C,PostEnrolment,Bio Fraud Stage,
RABBITMQ_MESSAGE_NACK_EXCEPTION,Error in negative acknowledging RabbitMq Message,TECHNICAL_EXCEPTION,declared,C,PostEnrolment,Bio Fraud Stage,
RABBITMQ_CONN_CLOSE_EXCEPTION,"Error closing RabbitMQ channel and connection, Failed connecting to RabbitMQ",TECHNICAL_EXCEPTION,declared,C,PostEnrolment,Bio Fraud Stage,
RABBITMQ_CONN_CREATION_EXCEPTION,"Error creating channel and connection, Failed connecting to RabbitMQ",TECHNICAL_EXCEPTION,declared,C,PostEnrolment,Bio Fraud Stage,
RABBITMQ_QUEUE_FOUND_EMPTY,"RabbitMQ message is null, Queue is empty",TECHNICAL_EXCEPTION,declared,C,PostEnrolment,Bio Fraud Stage,
REDIS_NEAR_ACCESS_EXCEPTION,Error in Accessing Near Node Redis Cluster,TECHNICAL_EXCEPTION,declared,C,PostEnrolment,Bio Fraud Stage,
REDIS_FAR_ACCESS_EXCEPTION,Error in Accessing Far Node Redis Cluster,TECHNICAL_EXCEPTION,declared,C,PostEnrolment,Bio Fraud Stage,
REDIS_CACHE_MISS_EXCEPTION,Redis Cache Miss Found,TECHNICAL_EXCEPTION,declared,C,PostEnrolment,Bio Fraud Stage,
REDIS_CACHE_RESPONSE_EXCEPTION,Enu-Cache Returned empty list as response,TECHNICAL_EXCEPTION,declared,C,PostEnrolment,Bio Fraud Stage,
REDIS_PUSH_EXCEPTION,Biometric leaderboad can not be populated,TECHNICAL_EXCEPTION,declared,C,PostEnrolment,Bio Fraud Stage,
V2_MASTER_DB_READ_EXCEPTION,Exception in reading data from v2master,TECHNICAL_EXCEPTION,declared,C,PostEnrolment,Bio Fraud Stage,
V2_MASTER_DB_WRITE_EXCEPTION,Exception in writing data to v2master,TECHNICAL_EXCEPTION,declared,C,PostEnrolment,Bio Fraud Stage,
RESIDENT_DATA_WRITE_ERROR,Exception in writing resident data for Enrolment using MarkInsertComplete,TECHNICAL_EXCEPTION,declared,C,PostEnrolment,Bio Fraud Stage,
UID_ORIGIN_TRACKER_DATA_FETCH_ERROR,Exception while fetching OriginTrackerData using uidOriginTrackerService,TECHNICAL_EXCEPTION,declared,C,PostEnrolment,Bio Fraud Stage,
UID_HIS_MASTER_DATA_FETCH_ERROR,Exception while fetching using uidMasterHistoryService,TECHNICAL_EXCEPTION,declared,C,PostEnrolment,Bio Fraud Stage,
UID_MASTER_DATA_FETCH_ERROR,Exception while fetching using uidMasterDataService,TECHNICAL_EXCEPTION,declared,C,PostEnrolment,Bio Fraud Stage,
UID_ADDRESS_DATA_FETCH_ERROR,Exception while fetching AddressData using uidAddressService,TECHNICAL_EXCEPTION,declared,C,PostEnrolment,Bio Fraud Stage,
UID_PHOTO_DATA_FETCH_ERROR,Exception while fetching UidPhotoData using uidPhotoService,TECHNICAL_EXCEPTION,declared,C,PostEnrolment,Bio Fraud Stage,
UID_EXTAUDIT_DATA_FETCH_ERROR,Exception in fetching UidExtAuditData using uidExtAuditService,TECHNICAL_EXCEPTION,declared,C,PostEnrolment,Bio Fraud Stage,
UID_EXTDEMO_DATA_FETCH_ERROR,Exception in fetching UidExtDemoData using uidExtDemoService,TECHNICAL_EXCEPTION,declared,C,PostEnrolment,Bio Fraud Stage,
UID_RESPREF_FETCH_ERROR,Exception while fetching resident preference using uidResPrefService,TECHNICAL_EXCEPTION,declared,C,PostEnrolment,Bio Fraud Stage,
UID_CHILDEXT_DATA_FETCH_ERROR,Exception in fetching ChildExtAttrData using uidChildExtService,TECHNICAL_EXCEPTION,declared,C,PostEnrolment,Bio Fraud Stage,
UID_RES_FOREIGNER_EXT_DATA_FETCH_ERROR,Exception in fetching residentForeignerExt using uidResForeignerExtService,TECHNICAL_EXCEPTION,declared,C,PostEnrolment,Bio Fraud Stage,
UID_RESPREF_WRITE_ERROR,Exception while writing resident preference using uidResPrefService,TECHNICAL_EXCEPTION,declared,C,PostEnrolment,Bio Fraud Stage,
UID_ORIGIN_TRACKER_DATA_WRITE_ERROR,Exception while Writing OriginTrackerData using uidOriginTrackerService,TECHNICAL_EXCEPTION,declared,C,PostEnrolment,Bio Fraud Stage,
RESIDENT_CURR_REQUEST_MASTER_DATA_FOUND_NULL,Resident UidMaster data found null after Successful write,TECHNICAL_EXCEPTION,declared,C,PostEnrolment,Bio Fraud Stage,
RESIDENT_CURR_REQUEST_ORIGIN_TRACKER_DATA_NOT_FOUND,Resident UidOriginTracker data found null after Successful write,TECHNICAL_EXCEPTION,declared,C,PostEnrolment,Bio Fraud Stage,
RESIDENT_CURR_REQUEST_PHOTO_DATA_NOT_FOUND,Resident UidMasterPhoto data found null after Successful write,TECHNICAL_EXCEPTION,declared,C,PostEnrolment,Bio Fraud Stage,
RESIDENT_CURR_REQUEST_ADDRESS_DATA_NOT_FOUND,Resident UidAddress data found null after Successful write,TECHNICAL_EXCEPTION,declared,C,PostEnrolment,Bio Fraud Stage,
RESIDENT_CURR_REQUEST_RES_FOREIGNER_DATA_NOT_FOUND,Resident UidResForeignerExt data found null after Successful write,TECHNICAL_EXCEPTION,declared,C,PostEnrolment,Bio Fraud Stage,
RESIDENT_CURR_REQUEST_RESPREF_DATA_NOT_FOUND,Resident UidResPref data found null after Successful write,TECHNICAL_EXCEPTION,declared,C,PostEnrolment,Bio Fraud Stage,
RESIDENT_CURR_REQUEST_CHILDEXT_DATA_NOT_FOUND,Resident UidChildExtAttr data found null after Successful write,TECHNICAL_EXCEPTION,declared,C,PostEnrolment,Bio Fraud Stage,
RESIDENT_CURR_REQUEST_EXTAUDIT_DATA_NOT_FOUND,Resident UidExtAudit data found null after Successful write,TECHNICAL_EXCEPTION,declared,C,PostEnrolment,Bio Fraud Stage,
RESIDENT_CURR_REQUEST_EXTDEMO_DATA_NOT_FOUND,Resident UidExtDemo data found null after Successful write,TECHNICAL_EXCEPTION,declared,C,PostEnrolment,Bio Fraud Stage,
RESIDENT_DATA_UPDATION_ERROR,Exception in writing resident data for Update using MarkInsertComplete,TECHNICAL_EXCEPTION,declared,C,PostEnrolment,Bio Fraud Stage,
SECURITY_DB_READ_EXCEPTION,Exception in reading data from V2master,TECHNICAL_EXCEPTION,declared,C,PostEnrolment,Bio Fraud Stage,
SECURITY_DB_WRITE_EXCEPTION,Exception in writing data to V2master,TECHNICAL_EXCEPTION,declared,C,PostEnrolment,Bio Fraud Stage,
REJECT_MASTER_DB_READ_EXCEPTION,Exception in reading data from RejectMaster,TECHNICAL_EXCEPTION,declared,C,PostEnrolment,Bio Fraud Stage,
REJECT_MASTER_DB_WRITE_EXCEPTION,Exception in writing data to RejectMaster,TECHNICAL_EXCEPTION,declared,C,PostEnrolment,Bio Fraud Stage,
V1_MASTER_DB_READ_EXCEPTION,Exception in reading data from v1master,TECHNICAL_EXCEPTION,declared,C,PostEnrolment,Bio Fraud Stage,
V1_MASTER_DB_WRITE_EXCEPTION,Exception in writing data to v1master,TECHNICAL_EXCEPTION,declared,C,PostEnrolment,Bio Fraud Stage,
PROCESS_DB_READ_EXCEPTION,Exception in reading data from Process DB,TECHNICAL_EXCEPTION,declared,C,PostEnrolment,Bio Fraud Stage,
PROCESS_DB_WRITE_EXCEPTION,Exception in writing data to process DB,TECHNICAL_EXCEPTION,declared,C,PostEnrolment,Bio Fraud Stage,
PROCESS_DB_WRITE_EXCEPTION_MDD,Exception in writing data to man dedup tables,TECHNICAL_EXCEPTION,declared,C,PostEnrolment,Bio Fraud Stage,
INDEX_MASTER_DB_READ_EXCEPTION,Exception in reading data from Index Master DB,TECHNICAL_EXCEPTION,declared,C,PostEnrolment,Bio Fraud Stage,
INDEX_MASTER_DB_WRITE_EXCEPTION,Exception in writing data to Index Master DB,TECHNICAL_EXCEPTION,declared,C,PostEnrolment,Bio Fraud Stage,
INDEX_MASTER_DB_UPDATE_EXCEPTION,Exception in updating data to Index Master DB,TECHNICAL_EXCEPTION,declared,C,PostEnrolment,Bio Fraud Stage,
UID_ORIGIN_TRACKER_DATA_NOT_FOUND,UidOriginTracker data not found for update request,BUSINESS_EXCEPTION,declared,A,PostEnrolment,Bio Fraud Stage,
MASTER_ENTRY_NOT_FOUND,UidMasterData entry not found,BUSINESS_EXCEPTION,declared,A,PostEnrolment,Bio Fraud Stage,
UID_ADDRESS_DATA_NOT_FOUND,UidAddress data not found for update request,BUSINESS_EXCEPTION,declared,A,PostEnrolment,Bio Fraud Stage,
UID_PHOTO_DATA_NOT_FOUND,UidPhoto data not found for update request,BUSINESS_EXCEPTION,declared,A,PostEnrolment,Bio Fraud Stage,
UID_RES_FOREIGNER_EXTATTR_DATA_NOT_FOUND,UidResForeignerExtAttr data not found for update request,BUSINESS_EXCEPTION,declared,A,PostEnrolment,Bio Fraud Stage,
UID_CHILDENROL_EXT_DATA_NOT_FOUND,UidChildEnrolExtData data not found for update request,BUSINESS_EXCEPTION,declared,A,PostEnrolment,Bio Fraud Stage,
INDEX_MASTER_DATA_NOT_FOUND,Index Master data not found for the current request,BUSINESS_EXCEPTION,declared,A,PostEnrolment,Bio Fraud Stage,
RSMS_STATE_TRANSITION_FAILURE,RSMS invalid enrolment state transition found,TECHNICAL_EXCEPTION,declared,C,PostEnrolment,Bio Fraud Stage,
RSMS_FEIGN_REQUEST_FAILURE,Feign Exception in accessing RSMS service,TECHNICAL_EXCEPTION,declared,C,PostEnrolment,Bio Fraud Stage,
EMS_FEIGN_REQUEST_FAILURE,Feign Exception in accessing EMS service,TECHNICAL_EXCEPTION,declared,C,PostEnrolment,Bio Fraud Stage,
REGISTRAR_FEIGN_REQUEST_FAILURE,Feign Exception in accessing Registrar service,TECHNICAL_EXCEPTION,declared,C,PostEnrolment,Bio Fraud Stage,
ENROL_AGENCY_FEIGN_REQUEST_FAILURE,Feign Exception in accessing EnrolmentAgency service,TECHNICAL_EXCEPTION,declared,C,PostEnrolment,Bio Fraud Stage,
EOS_FEIGN_REQUEST_FAILURE,Feign Exception in accessing EOS service,TECHNICAL_EXCEPTION,declared,C,PostEnrolment,Bio Fraud Stage,
HOF_FEIGN_REQUEST_FAILURE,Feign Exception in accessing HOF service,TECHNICAL_EXCEPTION,declared,C,PostEnrolment,Bio Fraud Stage,
SOLR_WRAPPER_FEIGN_REQUEST_FAILURE,Feign Exception in accessing SOLR Wrapper service,TECHNICAL_EXCEPTION,declared,C,PostEnrolment,Bio Fraud Stage,
MDA_FEIGN_REQUEST_FAILURE,Feign Exception in accessing MasterData API service,TECHNICAL_EXCEPTION,declared,C,PostEnrolment,Bio Fraud Stage,
PKT_EXTRACTOR_FEIGN_REQUEST_FAILURE,Feign Exception in accessing PacketExtractor service,TECHNICAL_EXCEPTION,declared,C,PostEnrolment,Bio Fraud Stage,
GPS_FEIGN_REQUEST_FAILURE,Feign Exception in accessing GPS service,TECHNICAL_EXCEPTION,declared,C,PostEnrolment,Bio Fraud Stage,
TOKEN_GEN_FEIGN_REQUEST_FAILURE,Feign Exception in accessing BearerToken Generator service,TECHNICAL_EXCEPTION,declared,C,PostEnrolment,Bio Fraud Stage,
RCS_FEIGN_REQUEST_FAILURE,Feign Exception in accessing RCS service,TECHNICAL_EXCEPTION,declared,C,PostEnrolment,Bio Fraud Stage,
RSMS_INTERNAL_SERVER_ERROR,RSMS internal server error,TECHNICAL_EXCEPTION,declared,C,PostEnrolment,Bio Fraud Stage,
RSMS_INVALID_HEADER,RSMS Invalid Header,TECHNICAL_EXCEPTION,declared,C,PostEnrolment,Bio Fraud Stage,
RSMS_BAD_REQUEST,RSMS Bad Request,TECHNICAL_EXCEPTION,declared,C,PostEnrolment,Bio Fraud Stage,
RSMS_INVALID_JSON_REQUEST,RSMS Invalid Json Request,TECHNICAL_EXCEPTION,declared,C,PostEnrolment,Bio Fraud Stage,
RSMS_HTTP_MEDIA_TYPE_NOT_SUPPORTED,RSMS Http Media Type Not Supported,TECHNICAL_EXCEPTION,declared,C,PostEnrolment,Bio Fraud Stage,
RSMS_DB_TRANSACTION_ERROR,RSMS Error while processing database transaction,TECHNICAL_EXCEPTION,declared,C,PostEnrolment,Bio Fraud Stage,
RSMS_SID_NOT_FOUND,RSMS Sid not found in requestTracker,TECHNICAL_EXCEPTION,declared,C,PostEnrolment,Bio Fraud Stage,
RSMS_BACKEND_DATASTORE_ACCESS_ERROR,RSMS Problem with accessing backend datastore,TECHNICAL_EXCEPTION,declared,C,PostEnrolment,Bio Fraud Stage,
RSMS_INVALID_SID_STATE_FOUND,RSMS Given sid does not exist or its state corrupted or expired,TECHNICAL_EXCEPTION,declared,C,PostEnrolment,Bio Fraud Stage,
RSMS_MOU_REQUEST_SAVE_ERROR,RSMS Error while saving MoU request to database,TECHNICAL_EXCEPTION,declared,C,PostEnrolment,Bio Fraud Stage,
RSMS_STAGE_NAME_NOT_FOUND,RSMS Stage name not found in database,TECHNICAL_EXCEPTION,declared,C,PostEnrolment,Bio Fraud Stage,
EOS_FEIGN_VALIDATION_FAILURE,Validation failure from the eos end,TECHNICAL_EXCEPTION,declared,C,PostEnrolment,Bio Fraud Stage,
RSMS_INVALID_STATUS_DATE_FOUND,RSMS stage status date in the database is newer than the current Stage Status Date,TECHNICAL_EXCEPTION,declared,C,PostEnrolment,Bio Fraud Stage,
RSMS_INVALID_OPERATOR_FOUND,RSMS UnProcessable request (token is invalid),TECHNICAL_EXCEPTION,declared,C,PostEnrolment,Bio Fraud Stage,
BOI_FEIGN_REQUEST_FAILURE,Feign Exception in accessing BOI service,TECHNICAL_EXCEPTION,declared,C,PostEnrolment,Bio Fraud Stage,
SOLR_WRAPPER_FEIGN_RESPONSE_FAILURE,Exception in interpreting response from SOLR Wrapper service,TECHNICAL_EXCEPTION,declared,C,PostEnrolment,Bio Fraud Stage,
SOLR_WRAPPER_FEIGN_VALIDATION_FAILURE,Validation Failure in SOLR Wrapper service,TECHNICAL_EXCEPTION,declared,C,PostEnrolment,Bio Fraud Stage,
BHASHINI_FEIGN_REQUEST_FAILURE,Feign Exception in accessing Bhashini service,TECHNICAL_EXCEPTION,declared,C,PostEnrolment,Bio Fraud Stage,
BHASHINI_FEIGN_RESPONSE_FAILURE,Exception in accessing the response from Bhashini service,TECHNICAL_EXCEPTION,declared,C,PostEnrolment,Bio Fraud Stage,
PKT_EXTRACTOR_INVALID_RESPONSE,Invalid response from Packet Extractor Service,TECHNICAL_EXCEPTION,declared,C,PostEnrolment,Bio Fraud Stage,
PKT_EXTRACTOR_RESPONSE_DESERIALIZE_EXCEPTION,Exception in deserializing packet extraction response,TECHNICAL_EXCEPTION,declared,C,PostEnrolment,Bio Fraud Stage,
MDA_PINCODE_DATA_MISSING,Pincode details missing in the mda response,TECHNICAL_EXCEPTION,declared,C,PostEnrolment,Bio Fraud Stage,
PACKET_REPLAY_EXCEPTION,Exception in replaying the packet,TECHNICAL_EXCEPTION,declared,C,PostEnrolment,Bio Fraud Stage,
EVENT_CONVERSION_EXCEPTION,Exception in converting the EventMessage,TECHNICAL_EXCEPTION,declared,C,PostEnrolment,Bio Fraud Stage,
INVALID_REFID_FOUND,Invalid RefId found in EventMessage,TECHNICAL_EXCEPTION,declared,C,PostEnrolment,Bio Fraud Stage,
INVALID_SID_FOUND,Invalid SID found in EventMessage,TECHNICAL_EXCEPTION,declared,C,PostEnrolment,Bio Fraud Stage,
KAFKA_MESSAGE_VALIDATION_FAILED,Event Message failed validation check,TECHNICAL_EXCEPTION,declared,C,PostEnrolment,Bio Fraud Stage,
DATA_PLATFORM_EVENT_GENERATION_EXCEPTION,Exception in data platform event generation,TECHNICAL_EXCEPTION,declared,C,PostEnrolment,Bio Fraud Stage,
PACKET_EXECUTION_EXCEPTION,Exception in execution of the packet,TECHNICAL_EXCEPTION,declared,C,PostEnrolment,Bio Fraud Stage,
HOLDMGR_STAGE_TRACKER_FETCH_ERROR,Exception while fetching using holdManagerStageTrackerService,TECHNICAL_EXCEPTION,declared,C,PostEnrolment,Bio Fraud Stage,
PKT_HOLD_RULE_MAPPING_FETCH_ERROR,Exception while fetching using packetHoldRuleMappingService,TECHNICAL_EXCEPTION,declared,C,PostEnrolment,Bio Fraud Stage,
HOLDMGR_STAGE_TRACKER_WRITE_ERROR,Exception while writing holdManagerStageTracker using packetHoldRuleMappingService,TECHNICAL_EXCEPTION,declared,C,PostEnrolment,Bio Fraud Stage,
PKT_HOLD_RULE_MAPPING_WRITE_ERROR,Exception while writing packetHoldRuleMapping using packetHoldRuleMappingService,TECHNICAL_EXCEPTION,declared,C,PostEnrolment,Bio Fraud Stage,
EVENT_MESSAGE_DATA_EXCEPTION,Exception in accessing the EventMessage,TECHNICAL_EXCEPTION,declared,C,PostEnrolment,Bio Fraud Stage,
BIO_IMAGE_DECODE_ERROR,Error in decoding bio image,TECHNICAL_EXCEPTION,declared,C,PostEnrolment,Bio Fraud Stage,
BIO_IMAGE_ENCODE_ERROR,Error in encoding bio image,TECHNICAL_EXCEPTION,declared,C,PostEnrolment,Bio Fraud Stage,
RESIDENT_STRUCTURAL_VALIDATION_SUCCESS,Structural Validation Stage Completed,TECHNICAL_EXCEPTION,declared,C,PostEnrolment,Bio Fraud Stage,
RESIDENT_PKT_BITMAP_GENERATION_FAIL,Resident packet bitmap generation failed,TECHNICAL_EXCEPTION,declared,C,PostEnrolment,Bio Fraud Stage,
RESIDENT_PKT_URI_MISMATCH_CHECK_EXCEPTION,Exception in checking Packet URI mismatch check,TECHNICAL_EXCEPTION,declared,C,PostEnrolment,Bio Fraud Stage,
RESIDENT_PKT_WRITE_TO_ARCHIVAL_EXCEPTION,Exception in Writing packet To Archival,TECHNICAL_EXCEPTION,declared,C,PostEnrolment,Bio Fraud Stage,
RESIDENT_PKT_XML_CHECK_EXCEPTION,Exception while validating XML,TECHNICAL_EXCEPTION,declared,C,PostEnrolment,Bio Fraud Stage,
PKT_SAVE_REDIS_SUCCESS,Extracted saved in Redis,TECHNICAL_EXCEPTION,declared,C,PostEnrolment,Bio Fraud Stage,
RESIDENT_METADATA_VALIDATION_SUCCESS,Metadata Validation Stage Completed,TECHNICAL_EXCEPTION,declared,C,PostEnrolment,Bio Fraud Stage,
RESIDENT_METADATA_VALIDATION_FAILED,Metadata Stage Processing Exception,TECHNICAL_EXCEPTION,declared,C,PostEnrolment,Bio Fraud Stage,
RESIDENT_DEMOGRAPHIC_VALIDATION_SUCCESS,Demographic Validation Stage Completed,TECHNICAL_EXCEPTION,declared,C,PostEnrolment,Bio Fraud Stage,
RESIDENT_DEMOGRAPHIC_VALIDATION_FAILED,Demographic Stage Processing Exception,TECHNICAL_EXCEPTION,declared,C,PostEnrolment,Bio Fraud Stage,
RESIDENT_NAME_NULL,resident name or resident original name Found null in packet,TECHNICAL_EXCEPTION,declared,C,PostEnrolment,Bio Fraud Stage,
RESIDENT_DOB_DAY_NULL_VALIDATION_FAILED,Resident Demographic Validation failed as DoB day is null,TECHNICAL_EXCEPTION,declared,C,PostEnrolment,Bio Fraud Stage,
RESIDENT_DOB_MONTH_NULL_VALIDATION_FAILED,Resident Demographic Validation failed as DoB month is null,TECHNICAL_EXCEPTION,declared,C,PostEnrolment,Bio Fraud Stage,
RESIDENT_DOB_YEAR_NULL_VALIDATION_FAILED,Resident Demographic Validation failed as DoB year is null,TECHNICAL_EXCEPTION,declared,C,PostEnrolment,Bio Fraud Stage,
RESIDENT_DOB_INVALID,Resident Demographic Validation failed as DoB is invalid,TECHNICAL_EXCEPTION,declared,C,PostEnrolment,Bio Fraud Stage,
RESIDENT_MOBILE_NULL_VALIDATION_FAILED,Resident Demographic Validation failed as Mobile Number is null,TECHNICAL_EXCEPTION,declared,C,PostEnrolment,Bio Fraud Stage,
RESIDENT_EMAIL_NULL_VALIDATION_FAILED,Resident Demographic Validation failed as Email is null,TECHNICAL_EXCEPTION,declared,C,PostEnrolment,Bio Fraud Stage,
RESIDENT_DOD_DAY_NULL_VALIDATION_FAILED,Resident Demographic Validation failed as DoD day is null,TECHNICAL_EXCEPTION,declared,C,PostEnrolment,Bio Fraud Stage,
RESIDENT_DOD_MONTH_NULL_VALIDATION_FAILED,Resident Demographic Validation failed as DoD month is null,TECHNICAL_EXCEPTION,declared,C,PostEnrolment,Bio Fraud Stage,
RESIDENT_DOD_YEAR_NULL_VALIDATION_FAILED,Resident Demographic Validation failed as DoD year is null,TECHNICAL_EXCEPTION,declared,C,PostEnrolment,Bio Fraud Stage,
RESIDENT_ADDRESS_DISTRICT_NULL,Resident Demographic Validation failed as District Code is null,TECHNICAL_EXCEPTION,declared,C,PostEnrolment,Bio Fraud Stage,
RESIDENT_ADDRESS_PINCODE_NULL,Resident Demographic Validation failed as the PinCode or PO Name is null.,TECHNICAL_EXCEPTION,declared,C,PostEnrolment,Bio Fraud Stage,
RESIDENT_ADDRESS_STATE_NULL,Resident Demographic Validation failed as State Code is null,TECHNICAL_EXCEPTION,declared,C,PostEnrolment,Bio Fraud Stage,
RESIDENT_ADDRESS_VTC_NULL,Resident Demographic Validation failed as VTC Code is null,TECHNICAL_EXCEPTION,declared,C,PostEnrolment,Bio Fraud Stage,
RESIDENT_BOI_VALIDATION_SUCCESS,BoI Validation Stage Completed,TECHNICAL_EXCEPTION,declared,C,PostEnrolment,Bio Fraud Stage,
RESIDENT_BOI_VALIDATION_EXCEPTION,BoI Validation Processing Exception,TECHNICAL_EXCEPTION,declared,C,PostEnrolment,Bio Fraud Stage,
RESIDENT_BOI_TASK_ORCHESTRATOR_EXCEPTION,Exception while processing the request in Task Orchestrator,TECHNICAL_EXCEPTION,declared,C,PostEnrolment,Bio Fraud Stage,
RESIDENT_BOI_RESPONSE_CACHING_EXCEPTION,Exception in caching BoI Response,TECHNICAL_EXCEPTION,declared,C,PostEnrolment,Bio Fraud Stage,
RESIDENT_BOI_REQUEST_CONVERSION_EXCEPTION,Exception while preparing the BoI Request,TECHNICAL_EXCEPTION,declared,C,PostEnrolment,Bio Fraud Stage,
RESIDENT_BOI_ERROR_IN_PUBLISHING_FACEDEDUPE_EVENT,Exception while publishing face dedupe event,TECHNICAL_EXCEPTION,declared,C,PostEnrolment,Bio Fraud Stage,
RESIDENT_BOI_ERROR_IN_PUBLISHING_ANALYTICS_EVENT,Exception while publishing analytics event,TECHNICAL_EXCEPTION,declared,C,PostEnrolment,Bio Fraud Stage,
RESIDENT_BOI_ERROR_IN_PUBLISHING_ESB_EVENT,Exception while publishing esb event,TECHNICAL_EXCEPTION,declared,C,PostEnrolment,Bio Fraud Stage,
RESIDENT_BOI_EXCEPTION_IN_FACE_DEDUPE,Exception in initiating manual face dedupe request,TECHNICAL_EXCEPTION,declared,C,PostEnrolment,Bio Fraud Stage,
RESIDENT_BOI_EXCEPITION_IN_WRITING_TO_STAGE_TRACKER,Exception in writing to stage tracker,TECHNICAL_EXCEPTION,declared,C,PostEnrolment,Bio Fraud Stage,
RESIDENT_BOI_EXCEPITION_IN_READING_FROM_STAGE_TRACKER,Exception in reading from stage tracker,TECHNICAL_EXCEPTION,declared,C,PostEnrolment,Bio Fraud Stage,
RESIDENT_BOI_EXCEPITION_IN_NAME_MATCH_CALL,Exception in performing name match call,TECHNICAL_EXCEPTION,declared,C,PostEnrolment,Bio Fraud Stage,
RESIDENT_BOI_EXCEPITION_IN_PROCESSING_MFC_RESPONSE,Exception in performing mfc response,TECHNICAL_EXCEPTION,declared,C,PostEnrolment,Bio Fraud Stage,
RESIDENT_QC_VALIDATION_SUCCESS,QC Validation Stage Completed,TECHNICAL_EXCEPTION,declared,C,PostEnrolment,Bio Fraud Stage,
RESIDENT_QC_VALIDATION_FAILED,QC Stage Processing Exception,TECHNICAL_EXCEPTION,declared,C,PostEnrolment,Bio Fraud Stage,
RESIDENT_SPORTAL_VALIDATION_SUCCESS,State Portal Validation Stage Completed,TECHNICAL_EXCEPTION,declared,C,PostEnrolment,Bio Fraud Stage,
RESIDENT_SPORTAL_VALIDATION_FAILED,State Portal Stage Processing Exception,TECHNICAL_EXCEPTION,declared,C,PostEnrolment,Bio Fraud Stage,
RESIDENT_BIOMETRIC_SUCCESS,Biometric Validation Stage Completed,TECHNICAL_EXCEPTION,declared,C,PostEnrolment,Bio Fraud Stage,
RESIDENT_BIOMETRIC_FAILED,Biometric Stage Processing Exception,TECHNICAL_EXCEPTION,declared,C,PostEnrolment,Bio Fraud Stage,
ENROLMENT_EVENT_RESPONSE_EXCEPTION,Enrolment event response processing exception,TECHNICAL_EXCEPTION,declared,C,PostEnrolment,Bio Fraud Stage,
MDD_RESPONSE_PROCESSING_FAIL,Technical error while processing Manual dedup response,TECHNICAL_EXCEPTION,declared,C,PostEnrolment,Bio Fraud Stage,
MDD_PACKET_RESPONSE_VALIDATION_FAIL,Technical Error while validating MDD Packet Response,TECHNICAL_EXCEPTION,declared,C,PostEnrolment,Bio Fraud Stage,37004
SDK_CROSS_MATCH_REQUEST_PREP_FAIL,Technical Error while preparing SDK cross match request,TECHNICAL_EXCEPTION,declared,C,PostEnrolment,Bio Fraud Stage,37005
PACKET_ATTEMPTS_QUALITY_UNAVAILABLE,Technical Error while getting Quality Score Per attempt for each Modality,TECHNICAL_EXCEPTION,declared,C,PostEnrolment,Bio Fraud Stage,37006
SDK_CONSISTENCY_CHECK_PREPROCESSING_FAILED,Technical error while processing consistency check response calculation preparation,TECHNICAL_EXCEPTION,declared,C,PostEnrolment,Bio Fraud Stage,
SDK_CROSS_CHECK_PREPROCESSING_FAILED,Technical error while processing cross check response calculation preparation,TECHNICAL_EXCEPTION,declared,C,PostEnrolment,Bio Fraud Stage,
RESIDENT_ENROLMENT_STAGE_SUCCESS,Enrolment Stage Completed,TECHNICAL_EXCEPTION,declared,C,PostEnrolment,Bio Fraud Stage,
RESIDENT_ENROLMENT_VALIDATION_FAILED,Enrolment Stage Processing Exception,TECHNICAL_EXCEPTION,declared,C,PostEnrolment,Bio Fraud Stage,
RESIDENT_SUCCESSINT_SUCCESS,Success Interceptor Stage Completed,TECHNICAL_EXCEPTION,declared,C,PostEnrolment,Bio Fraud Stage,
RESIDENT_SUCCESSINT_FAILED,Success Interceptor Stage Processing Exception,TECHNICAL_EXCEPTION,declared,C,PostEnrolment,Bio Fraud Stage,
RESIDENT_DATA_POPULATION_ERROR,Exception in Populating Resident Data,TECHNICAL_EXCEPTION,declared,C,PostEnrolment,Bio Fraud Stage,
UID_ORIGIN_TRACKER_POPULATION_ERROR,Error while populating the uidOriginTracker entity,TECHNICAL_EXCEPTION,declared,C,PostEnrolment,Bio Fraud Stage,
UID_MASTER_DATA_POPULATION_ERROR,Error while populating the uidMasterData entity,TECHNICAL_EXCEPTION,declared,C,PostEnrolment,Bio Fraud Stage,
UID_ADDRESS_POPULATION_ERROR,Error while populating the address entity,TECHNICAL_EXCEPTION,declared,C,PostEnrolment,Bio Fraud Stage,
UID_RESPREF_POPULATION_ERROR,Error while populating the uidResidentPref entity,TECHNICAL_EXCEPTION,declared,C,PostEnrolment,Bio Fraud Stage,
UID_EXTAUDIT_POPULATION_ERROR,Error while populating the uidExtAudit entity,TECHNICAL_EXCEPTION,declared,C,PostEnrolment,Bio Fraud Stage,
UID_EXTDEMO_POPULATION_ERROR,Error while populating the uidExtDemo entity,TECHNICAL_EXCEPTION,declared,C,PostEnrolment,Bio Fraud Stage,
UID_CHILDENROL_EXT_POPULATION_ERROR,Error while populating the uidChildEnrolExtData entity,TECHNICAL_EXCEPTION,declared,C,PostEnrolment,Bio Fraud Stage,
UID_RES_FOREIGNER_EXTATTR_POPULATION_ERROR,Error while populating the uidResForeignerExtAttr entity,TECHNICAL_EXCEPTION,declared,C,PostEnrolment,Bio Fraud Stage,
UID_PHOTO_POPULATION_ERROR,Error while populating the photo entity,TECHNICAL_EXCEPTION,declared,C,PostEnrolment,Bio Fraud Stage,
BIOMETRIC_EXCEPTION_INDICATOR_CREATION_ERROR,Exception while creating the biometricExceptionIndicator,TECHNICAL_EXCEPTION,declared,C,PostEnrolment,Bio Fraud Stage,
MULTIPLE_ALLOCATED_UID_FOUND,More than one UID got allocated to the current request,TECHNICAL_EXCEPTION,declared,C,PostEnrolment,Bio Fraud Stage,
RESIDENT_REJECTINT_SUCCESS,Reject Interceptor Stage Completed,TECHNICAL_EXCEPTION,declared,C,PostEnrolment,Bio Fraud Stage,
RESIDENT_REJECTINT_FAILED,Reject Interceptor Stage Processing Exception,TECHNICAL_EXCEPTION,declared,C,PostEnrolment,Bio Fraud Stage,
EID_ORIGIN_TRACKER_POPULATION_ERROR,Error while populating the eidOriginTracker entity,TECHNICAL_EXCEPTION,declared,C,PostEnrolment,Bio Fraud Stage,
EID_MASTER_DATA_POPULATION_ERROR,Error while populating the eidMasterData entity,TECHNICAL_EXCEPTION,declared,C,PostEnrolment,Bio Fraud Stage,
EID_ADDRESS_POPULATION_ERROR,Error while populating the address entity,TECHNICAL_EXCEPTION,declared,C,PostEnrolment,Bio Fraud Stage,
EID_RESPREF_POPULATION_ERROR,Error while populating the eidResidentPref entity,TECHNICAL_EXCEPTION,declared,C,PostEnrolment,Bio Fraud Stage,
EID_EXTAUDIT_POPULATION_ERROR,Error while populating the eidExtAudit entity,TECHNICAL_EXCEPTION,declared,C,PostEnrolment,Bio Fraud Stage,
EID_EXTDEMO_POPULATION_ERROR,Error while populating the eidExtDemo entity,TECHNICAL_EXCEPTION,declared,C,PostEnrolment,Bio Fraud Stage,
EID_CHILDENROL_EXT_POPULATION_ERROR,Error while populating the eidChildEnrolExtData entity,TECHNICAL_EXCEPTION,declared,C,PostEnrolment,Bio Fraud Stage,
EID_RES_FOREIGNER_EXTATTR_POPULATION_ERROR,Error while populating the eidResForeignerExtAttr entity,TECHNICAL_EXCEPTION,declared,C,PostEnrolment,Bio Fraud Stage,
RESIDENT_POST_ENROLMENT_SUCCESS,Post Enrolment Stage Completed,TECHNICAL_EXCEPTION,declared,C,PostEnrolment,Bio Fraud Stage,
RESIDENT_POST_ENROLMENT_FAILED,Post Enrolment Stage Processing Exception,TECHNICAL_EXCEPTION,declared,C,PostEnrolment,Bio Fraud Stage,
RESIDENT_AUTH_EXTRACTION_SUCCESS,Resident Auth Extraction Success,TECHNICAL_EXCEPTION,declared,C,PostEnrolment,Bio Fraud Stage,
RESIDENT_AUTH_EXTRACTION_FAILED,Resident Auth Extraction Failure,TECHNICAL_EXCEPTION,declared,C,PostEnrolment,Bio Fraud Stage,
RESIDENT_PRINT_LETTER_REQUEST_SEND_EXCEPTION,Exception During sending PrintLetter request,TECHNICAL_EXCEPTION,declared,C,PostEnrolment,Bio Fraud Stage,
RESIDENT_OIS_PROCESSING_SUCCESS,Operator Intervention reprocessing Completed,TECHNICAL_EXCEPTION,declared,C,PostEnrolment,Bio Fraud Stage,
RESIDENT_OIS_PROCESSING_FAILED,Operator Intervention processing Exception,TECHNICAL_EXCEPTION,declared,C,PostEnrolment,Bio Fraud Stage,
RESIDENT_BIO_FRAUD_CHECK_SUCCESS,Bio Fraud Check Processing Completed,TECHNICAL_EXCEPTION,declared,C,PostEnrolment,Bio Fraud Stage,
SYSTEMATIC_FRAUD_CHECK_CALL_FAILED,Systematic Fraud Check Call Failed,TECHNICAL_EXCEPTION,declared,C,PostEnrolment,Bio Fraud Stage,
SYSTEMATIC_FRAUD_CHECK_RESPONSE_HANDLING_ERROR,Error in Processing Systematic Fraud Check response,TECHNICAL_EXCEPTION,declared,C,PostEnrolment,Bio Fraud Stage,
SYSTEMATIC_FRAUD_CHECK_NULL_RESPONSE,Null Response from Systematic Fraud Check,TECHNICAL_EXCEPTION,declared,C,PostEnrolment,Bio Fraud Stage,
AGE_PREDICTION_MODEL_NULL_RESPONSE,Null Response from Age Prediction Model,TECHNICAL_EXCEPTION,declared,C,PostEnrolment,Bio Fraud Stage,
AGE_PREDICTION_MODEL_RESPONSE_HANDLING_ERROR,Error in Processing Age Prediction Model response,TECHNICAL_EXCEPTION,declared,C,PostEnrolment,Bio Fraud Stage,
AGE_PREDICTION_MODEL_FEIGN_CALL_FAILED,Age Prediction Model Feign Call Failed,TECHNICAL_EXCEPTION,declared,C,PostEnrolment,Bio Fraud Stage,
AGE_PREDICTION_MODEL_CALL_FAILED,Age Prediction Model Call Failed,TECHNICAL_EXCEPTION,declared,C,PostEnrolment,Bio Fraud Stage,
SYSTEMATIC_FRAUD_CHECK_LIVENESS_NULL_RESPONSE,Null Liveness Data Systematic Fraud Check response,TECHNICAL_EXCEPTION,declared,C,PostEnrolment,Bio Fraud Stage,
AGE_PREDICTION_MODEL_NULL_PREDICTION,Empty Age Prediction information,TECHNICAL_EXCEPTION,declared,C,PostEnrolment,Bio Fraud Stage,
BIO_FRAUD_CHECK_PROCESSING_EXCEPTION,Error in processing bio fraud task,TECHNICAL_EXCEPTION,declared,C,PostEnrolment,Bio Fraud Stage,
BIO_FRAUD_CHECK_ERROR_IN_GETTING_BIT_INDICATOR_HASHMAP,Error in getting bit map indicator,TECHNICAL_EXCEPTION,declared,C,PostEnrolment,Bio Fraud Stage,
BIO_FRAUD_CHECK_STAGE_TRACKER_WRITE_EXCEPTION,Error in writing to stage tracker,TECHNICAL_EXCEPTION,declared,C,PostEnrolment,Bio Fraud Stage,
BIO_FRAUD_CHECK_MFC_RESPONSEPROCESSING_EXCEPTION,Error in processing mfc response,TECHNICAL_EXCEPTION,declared,C,PostEnrolment,Bio Fraud Stage,
BIO_FRAUD_RESPONSE_PROCESSING_EXCEPTION,Error in processing mfc response,TECHNICAL_EXCEPTION,declared,C,PostEnrolment,Bio Fraud Stage,
BIO_FRAUD_KAFKA_RESPONSE_SEND_EXCEPTION,Error in processing mfc response,TECHNICAL_EXCEPTION,declared,C,PostEnrolment,Bio Fraud Stage,
SYSTEMATIC_FRAUD_CHECK_FEIGN_REQUEST_TIMEOUT,Error in getting sfc response within configured time,TECHNICAL_EXCEPTION,declared,C,PostEnrolment,Bio Fraud Stage,
PACKET_VALIDATION_FAIL,Data Verification Failure for Processed Packets,,,,,,2301
ABISMW_QUALITY_RESPONSE_FAIL,ABIS-Mw Quality Response has Failure/hold Status,,,,,,2309
ABISMW_ENROLMENT_RESPONSE_VALIDATION_FAIL,ABIS-MW Enrollment Response did not pass Validity Assessment,,,,,,2313
ABISMW_RESPONSE_TYPE_UNIDENTIFIED,The value of 'RequestType' field within the ABIS-MW response should only be either 'ENROLMENT' or 'QUALITY',,,,,,2314
ABIS_MW_RESPONSE_PROCESSING_FAILED,Technical error while processing abis middleware response via abis mw inbound topic,,,,,,2315
POSTENROLMENT_RESPONSE_PROCESSING_FAILED,Technical error while processing postEnrolment candidate completion response,,,,,,2316
MDD_TIME_LIMIT_EXCEEDED_NO_RESPONSE,"MDD did not give response , Time limit exceeds",,,,,,2335
PKT_BIO_INVALID_UPDATE_CONSENT,"The packet failed due to invalid BioUpdate Consent , case of no Mb Bio Update , Cogent update not required and Biometric Flag is Off",,,,,,2336
MDD_PACKET_RESPONSE_PROCESSING_FAIL,Technical Error while processing MDD Packet Response,,,,,,2337
SDK_CONSISTENCY_CHECK_FAIL,Technical Error while processing MDD Packet Response,,,,,,2338
CONSISTENCY_CHECK_PREPROCESSING_FAILED,Technical error while processing consistency check response calculation preparation,TECHNICAL_EXCEPTION,inferred,C,,TechnicalReasonCodes,37007
CROSS_CHECK_PREPROCESSING_FAILED,Technical error while processing cross check response calculation preparation,TECHNICAL_EXCEPTION,inferred,C,,TechnicalReasonCodes,37008
ESB_INCOMING_REQ_PROCESSING_FAILED,Technical error while processing esb incoming request,TECHNICAL_EXCEPTION,inferred,C,,TechnicalReasonCodes,37009
ENROLMENT_EVENT_REQUEST_PREP_FAIL,Technical error while preparing enrolment event  request,TECHNICAL_EXCEPTION,inferred,C,,TechnicalReasonCodes,37010
BMS_TEMPLATIZATION_FAILURE,Received an error response from BMS for templatization process,TECHNICAL_EXCEPTION,inferred,C,,TechnicalReasonCodes,37011
CONSISTENCY_CHECK_FAILED,Technical Error while Consistency Check For The Applicant,BUSINESS_EXCEPTION,inferred,A,,Business Reason Codes,17031
ENU_BIO_NO_GALLERY_RECORD_AVAILABLE,Master biometric packet not found in gallery for update request,BUSINESS_EXCEPTION,inferred,A,,Business Reason Codes,17032
RESIDENT_BIO_INVALID_ENROLMENT,Biometric bit is off for adult enrolment packet,BUSINESS_EXCEPTION,inferred,A,,Business Reason Codes,17033
RESIDENT_BIO_INVALID_CHILD_CASE,Child packet contains biometrics in the Packet,BUSINESS_EXCEPTION,inferred,A,,Business Reason Codes,17034
RESIDENT_BIO_PKT_AUTH_FAIL,Auth Response for Resident Failed,BUSINESS_EXCEPTION,inferred,A,,Business Reason Codes,17035
RESIDENT_BIO_PKT_RVERIFY_FAIL,RVerify Response for Resident Failed,BUSINESS_EXCEPTION,inferred,A,,Business Reason Codes,17036
BIO_STAGE_TRACKER_DATA_NOT_FOUND,Bio Stage Tracker data not found for current request,BUSINESS_EXCEPTION,inferred,A,,Business Reason Codes,17037
ABISMW_BIO_HELPER_CACHE_STORE_DATA_NOT_FOUND,Bio Helper Cache Store data not found for current request,BUSINESS_EXCEPTION,inferred,A,,Business Reason Codes,17038
BIO_PARKING_QUEUE_STORE_DATA_NOT_FOUND,Bio Parking queue store data not found for current request,BUSINESS_EXCEPTION,inferred,A,,Business Reason Codes,17039
RESIDENT_MAN_DEDUP_REJECT_TD,Packet rejected by MDD for a TD match,BUSINESS_EXCEPTION,inferred,A,,Business Reason Codes,17040
RESIDENT_MAN_DEDUP_REJECT,Packet rejected by MDD,BUSINESS_EXCEPTION,inferred,A,,Business Reason Codes,17041
CANDIDATE_HELPER_RECORD_BIO_HELPER_CACHE_STORE_DATA_NOT_FOUND,Bio Helper Cache Store data not found for current request,BUSINESS_EXCEPTION,inferred,A,,Business Reason Codes,17042
UPDATE_CHECKER_BIO_HELPER_CACHE_STORE_DATA_NOT_FOUND,Bio Helper Cache Store data not found for current request,BUSINESS_EXCEPTION,inferred,A,,Business Reason Codes,17043
CRE_PROCESSING_FAIL,Error while Processing the Cross Match Response and Preprocessing it to CRE,TECHNICAL_EXCEPTION,inferred,C,,MDD and CRE Phase 2 Reason Codes,37012
CANDIDATE_COUNT_MISMATCH,Candidate sets do not match between CrossMatchCheckResponse and EnrolmentEventResponse,TECHNICAL_EXCEPTION,inferred,C,,MDD and CRE Phase 2 Reason Codes,37013
QUALITY_DATA_NOT_AVAILABLE,Quality Info Not Available in the Packet,TECHNICAL_EXCEPTION,inferred,C,,MDD and CRE Phase 2 Reason Codes,37014
APPLICANT_CANDIDATE_HELPER_RECORD_UNAVAILABLE,Error while fetching data from cache,TECHNICAL_EXCEPTION,inferred,C,,MDD and CRE Phase 2 Reason Codes,37015
CRE_DATA_PREPARATION_FAIL,Error while preparing data from CRE,TECHNICAL_EXCEPTION,inferred,C,,MDD and CRE Phase 2 Reason Codes,37016
FAILED_TO_FETCH_WHITELISTED_CANDIDATES,Technical Error while fetching data for whitelisted candidates,TECHNICAL_EXCEPTION,inferred,C,,MDD and CRE Phase 2 Reason Codes,37017
FAILED_TO_PROCESS_IGNORED_CANDIDATES,Technical Error while fetching data for ignored candidates,TECHNICAL_EXCEPTION,inferred,C,,MDD and CRE Phase 2 Reason Codes,37018
FAILED_TO_SEND_CSD_EVENT,Technical Error while sending candidates to CSD,TECHNICAL_EXCEPTION,inferred,C,,MDD and CRE Phase 2 Reason Codes,37019
FAILED_TO_SIGN_CSD_REQUEST,Technical Error while signing CSD request,TECHNICAL_EXCEPTION,inferred,C,,MDD and CRE Phase 2 Reason Codes,37020
FAILED_TO_LOAD_PRIVATE_KEY,Technical Error while loading private key,TECHNICAL_EXCEPTION,inferred,C,,MDD and CRE Phase 2 Reason Codes,37021
CANDIDATE_MATCH_ANALYSIS_DATA_FETCH_ERROR,Technical Error while fetching data from candidate match analysis,TECHNICAL_EXCEPTION,inferred,C,,MDD and CRE Phase 2 Reason Codes,37022
MDD_DEMO_DUPLICATE_DATA_FETCH_ERROR,Technical Error while fetching data from mdd demo duplicate,TECHNICAL_EXCEPTION,inferred,C,,MDD and CRE Phase 2 Reason Codes,37023
PORTAL_POLICY_BATCH_DISPOSITION_FAIL,Candidates without aadhaar need to be rejected,TECHNICAL_EXCEPTION,inferred,C,,MDD and CRE Phase 2 Reason Codes,37024
CANDIDATE_DATA_MISSING_CONSISTENCY_CHECK,Candidate data is missing in the consistency response,TECHNICAL_EXCEPTION,inferred,C,,MDD and CRE Phase 2 Reason Codes,37025
WRONG_BDR_STATUS_CONSISTENCY_CHECK,Consistency check response contains wrong bdr status,TECHNICAL_EXCEPTION,inferred,C,,MDD and CRE Phase 2 Reason Codes,37026
BDR_COUNT_MISMATCH,BDR count mismatch in bms response and packet,TECHNICAL_EXCEPTION,inferred,C,,MDD and CRE Phase 2 Reason Codes,37027
CANDIDATE_DATA_MISSING_CROSS_MATCH,Candidate data is missing in cross match response,TECHNICAL_EXCEPTION,inferred,C,,MDD and CRE Phase 2 Reason Codes,37028
MODALITIES_MISSING_CROSS_MATCH,Some of the modalities are missing in cross match response,TECHNICAL_EXCEPTION,inferred,C,,MDD and CRE Phase 2 Reason Codes,37029
EMPTY_CROSS_MATCH_RESPONSE,Cross Match Response is Empty,TECHNICAL_EXCEPTION,inferred,C,,MDD and CRE Phase 2 Reason Codes,37030
FAILED_TO_FETCH_CANDIDATE_DATA,Candidates data not present in mddDemoDuplicate or CandidateMatchAnalysis,TECHNICAL_EXCEPTION,inferred,C,,MDD and CRE Phase 2 Reason Codes,37031
INVALID_CRE_RESPONSE,CRE response contains invalid action value,TECHNICAL_EXCEPTION,inferred,C,,MDD and CRE Phase 2 Reason Codes,37032
APPLICANT_PARKING_DATA_PREP_ERROR,Error while preparing data for parking applicant-candidate pair,TECHNICAL_EXCEPTION,inferred,C,,MDD and CRE Phase 2 Reason Codes,37033
ABISMW_CANDIDATES_DB_OBJECT_PREP_ERROR,Error while preparing DB object for ABIS MW candidates data,TECHNICAL_EXCEPTION,inferred,C,,MDD and CRE Phase 2 Reason Codes,37034
APPLICANT_CANDIDATE_HELPER_RECORD_DB_OBJECT_PREP_ERROR,Error while preparing DB object for Applicant-Candidate helper record data,TECHNICAL_EXCEPTION,inferred,C,,MDD and CRE Phase 2 Reason Codes,37035
BIOMETRICS_NOT_PRESENT_IN_BMS_RESPONSE,Biometrics not present in BMS response after initiating BDR call,TECHNICAL_EXCEPTION,inferred,C,,MDD and CRE Phase 2 Reason Codes,37036
PARKING_HELPER_RECORD_DB_OBJECT_PREP_ERROR,Error while preparing DB object for Parking helper record data,TECHNICAL_EXCEPTION,inferred,C,,MDD and CRE Phase 2 Reason Codes,37037
BMS_ERROR_IN_APPLICANT,BMS error in one or more combination of applicant,TECHNICAL_EXCEPTION,inferred,C,,MDD and CRE Phase 2 Reason Codes,37038
NO_VALID_MODALITY_ATTEMPTS_AFTER_BMS_ERROR_CLEANUP,Candidate has no valid modality attempts after SDK errors cleanup,TECHNICAL_EXCEPTION,inferred,C,,MDD and CRE Phase 2 Reason Codes,37039
BMS_ERROR_IN_CANDIDATE,Templatization/Verification error in Candidate,TECHNICAL_EXCEPTION,inferred,C,,MDD and CRE Phase 2 Reason Codes,37040
NO_CRE_RULES_APPLIED_HOLDING_PACKET,No CRE rules applied holding the packet,TECHNICAL_EXCEPTION,inferred,C,,MDD and CRE Phase 2 Reason Codes,37041
UPDATE_CHECKER_PROCESSING_FAILED,Technical error while processing update checker response,TECHNICAL_EXCEPTION,inferred,C,,MDD and CRE Phase 2 Reason Codes,37042
UPDATE_CHECKER_HELPER_RECORD_DB_OBJECT_PREP_ERROR,Error while preparing DB object for Update Checker helper record data,TECHNICAL_EXCEPTION,inferred,C,,MDD and CRE Phase 2 Reason Codes,37043
ABIS_IDENTIFY_PROCESSING_FAILED,Technical error while processing abis identify response,TECHNICAL_EXCEPTION,inferred,C,,MDD and CRE Phase 2 Reason Codes,37044
ERROR_ROUTING_PB0_TO_PB1,Technical error while processing/routing policy batch 0 response to policy batch 1,TECHNICAL_EXCEPTION,inferred,C,,MDD and CRE Phase 2 Reason Codes,37045
POLICY_BATCH_0_PROCESSING_FAILED,Technical error while processing policy batch 0 response,TECHNICAL_EXCEPTION,inferred,C,,MDD and CRE Phase 2 Reason Codes,37046
REDIS_GET_EXCEPTION,Error in accessing record in the redis,TECHNICAL_EXCEPTION,inferred,C,,DATA EXCEPTION,12006
REDIS_DELETE_EXCEPTION,Error while deleting record from the redis,TECHNICAL_EXCEPTION,inferred,C,,DATA EXCEPTION,12007
PACKET_DATA_UNAVAILABLE,Error while getting relevant data from packet,TECHNICAL_EXCEPTION,inferred,C,,DATA EXCEPTION,12008
